school,sex,age,address,famsize,Pstatus,Medu,Fedu,Mjob,Fjob,reason,guardian,traveltime,studytime,failures,schoolsup,famsup,paid,activities,nursery,higher,internet,romantic,famrel,freetime,goout,Dalc,Walc,health,absences,G1,G2,G3,at_risk,school_encoded,sex_encoded,address_encoded,famsize_encoded,Pstatus_encoded,Mjob_encoded,Fjob_encoded,reason_encoded,guardian_encoded,schoolsup_encoded,famsup_encoded,paid_encoded,activities_encoded,nursery_encoded,higher_encoded,internet_encoded,romantic_encoded,time_on_task_ratio,performance_trend,engagement_score,consistency_index,cumulative_performance,total_alcohol,parent_education,support_system
GP,F,18,U,GT3,A,4,4,at_home,teacher,course,mother,2,2,0,yes,no,no,no,yes,yes,no,no,4,3,4,1,1,3,6,5,6,6,1,0,0,1,0,0,0,4,0,1,1,0,0,0,1,1,0,0,0.9825870646766168,1,0.47368421052631576,0.5773502691896257,5.5,2,8,1
GP,F,17,U,GT3,T,1,1,at_home,other,course,father,1,2,0,no,yes,no,no,no,yes,yes,no,5,3,3,1,1,3,4,5,5,6,1,0,0,1,0,1,0,2,0,0,0,1,0,0,0,1,1,0,0.9825870646766168,1,0.6491228070175439,0.5773502691896258,5.0,2,2,1
GP,F,15,U,LE3,T,1,1,at_home,other,other,mother,1,2,3,yes,no,yes,no,yes,yes,yes,no,4,3,2,2,3,3,10,7,8,10,0,0,0,1,1,1,0,2,2,1,1,0,1,0,1,1,1,0,0.9825870646766168,3,0.456140350877193,1.5275252316519465,7.5,5,2,1
GP,F,15,U,GT3,T,4,2,health,services,home,mother,1,3,0,no,yes,yes,yes,yes,yes,yes,yes,3,2,2,1,1,5,2,15,14,15,0,0,0,1,0,1,1,3,1,1,0,1,1,1,1,1,1,1,1.4738805970149251,0,0.8245614035087719,0.5773502691896257,14.5,2,6,1
GP,F,16,U,GT3,T,3,3,other,other,home,father,1,2,0,no,yes,yes,no,yes,yes,no,no,4,3,2,1,2,5,4,6,10,10,0,0,0,1,0,1,2,2,1,0,0,1,1,0,1,1,0,0,0.9825870646766168,4,0.4824561403508772,2.3094010767585034,8.0,3,6,1
GP,M,16,U,LE3,T,4,3,services,other,reputation,mother,1,2,0,no,yes,yes,yes,yes,yes,yes,no,5,4,2,1,2,5,10,15,15,15,0,0,1,1,1,1,3,2,3,1,0,1,1,1,1,1,1,0,0.9825870646766168,0,0.7894736842105262,0.0,15.0,3,7,1
GP,M,16,U,LE3,T,2,2,other,other,home,mother,1,2,0,no,no,no,no,yes,yes,yes,no,4,4,4,1,1,3,0,12,12,11,0,0,1,1,1,1,2,2,1,1,0,0,0,0,1,1,1,0,0.9825870646766168,-1,0.5,0.5773502691896257,12.0,2,4,0
GP,F,17,U,GT3,A,4,4,other,teacher,home,mother,2,2,0,yes,yes,no,no,yes,yes,no,no,4,1,4,1,1,1,6,6,5,6,1,0,0,1,0,0,2,4,1,1,1,1,0,0,1,1,0,0,0.9825870646766168,0,0.47368421052631576,0.5773502691896257,5.5,2,8,2
GP,M,15,U,LE3,A,3,2,services,other,home,mother,1,2,0,no,yes,yes,no,yes,yes,yes,no,4,2,2,1,1,1,0,16,18,19,0,0,1,1,1,0,3,2,1,1,0,1,1,0,1,1,1,0,0.9825870646766168,3,0.5,1.5275252316519465,17.0,2,5,1
GP,M,15,U,GT3,T,3,4,other,other,home,mother,1,2,0,no,yes,yes,yes,yes,yes,yes,no,5,5,1,1,1,5,0,14,15,15,0,0,1,1,0,1,2,2,1,1,0,1,1,1,1,1,1,0,0.9825870646766168,1,0.6666666666666666,0.5773502691896257,14.5,2,7,1
GP,F,15,U,GT3,T,4,4,teacher,health,reputation,mother,1,2,0,no,yes,yes,no,yes,yes,yes,no,3,3,3,1,2,2,0,10,8,9,1,0,0,1,0,1,4,1,3,1,0,1,1,0,1,1,1,0,0.9825870646766168,-1,0.6666666666666666,1.0,9.0,3,8,1
GP,F,15,U,GT3,T,2,1,services,other,reputation,father,3,3,0,no,yes,no,yes,yes,yes,yes,no,5,2,2,1,1,4,4,10,12,12,0,0,0,1,0,1,3,2,3,0,0,1,0,1,1,1,1,0,1.4738805970149251,2,0.8157894736842106,1.1547005383792515,11.0,2,3,1
GP,M,15,U,LE3,T,4,4,health,services,course,father,1,1,0,no,yes,yes,yes,yes,yes,yes,no,4,3,3,1,3,5,2,14,14,14,0,0,1,1,1,1,1,3,0,0,0,1,1,1,1,1,1,0,0.4912935323383084,0,0.9912280701754387,0.0,14.0,4,8,1
GP,M,15,U,GT3,T,4,3,teacher,other,course,mother,2,2,0,no,yes,yes,no,yes,yes,yes,no,5,4,3,1,2,3,2,10,10,11,0,0,1,1,0,1,4,2,0,1,0,1,1,0,1,1,1,0,0.9825870646766168,1,0.6578947368421053,0.5773502691896258,10.0,3,7,1
GP,M,15,U,GT3,A,2,2,other,other,home,other,1,3,0,no,yes,no,no,yes,yes,yes,yes,4,5,2,1,1,3,0,14,16,16,0,0,1,1,0,0,2,2,1,2,0,1,0,0,1,1,1,1,1.4738805970149251,2,0.5,1.1547005383792515,15.0,2,4,1
GP,F,16,U,GT3,T,4,4,health,other,home,mother,1,1,0,no,yes,no,no,yes,yes,yes,no,4,4,4,1,2,2,4,14,14,14,0,0,0,1,0,1,1,2,1,1,0,1,0,0,1,1,1,0,0.4912935323383084,0,0.4824561403508772,0.0,14.0,3,8,1
GP,F,16,U,GT3,T,4,4,services,services,reputation,mother,1,3,0,no,yes,yes,yes,yes,yes,yes,no,3,2,3,1,2,2,6,13,14,14,0,0,0,1,0,1,3,3,3,1,0,1,1,1,1,1,1,0,1.4738805970149251,1,0.9736842105263158,0.5773502691896257,13.5,3,8,1
GP,F,16,U,GT3,T,3,3,other,other,reputation,mother,3,2,0,yes,yes,no,yes,yes,yes,no,no,5,3,2,1,1,4,4,8,10,10,0,0,0,1,0,1,2,2,3,1,1,1,0,1,1,1,0,0,0.9825870646766168,2,0.8157894736842106,1.1547005383792515,9.0,2,6,2
GP,M,17,U,GT3,T,3,2,services,services,course,mother,1,1,3,no,yes,no,yes,yes,yes,yes,no,5,5,5,2,4,5,16,6,5,5,1,0,1,1,0,1,3,3,0,1,0,1,0,1,1,1,1,0,0.4912935323383084,-1,0.5964912280701754,0.5773502691896258,5.5,6,5,1
GP,M,16,U,LE3,T,4,3,health,other,home,father,1,1,0,no,no,yes,yes,yes,yes,yes,no,3,1,3,1,3,5,4,8,10,10,0,0,1,1,1,1,1,2,1,0,0,0,1,1,1,1,1,0,0.4912935323383084,2,0.9824561403508772,1.1547005383792515,9.0,4,7,0
GP,M,15,U,GT3,T,4,3,teacher,other,reputation,mother,1,2,0,no,no,no,no,yes,yes,yes,no,4,4,1,1,1,1,0,13,14,15,0,0,1,1,0,1,4,2,3,1,0,0,0,0,1,1,1,0,0.9825870646766168,2,0.3333333333333333,1.0,13.5,2,7,0
GP,M,15,U,GT3,T,4,4,health,health,other,father,1,1,0,no,yes,yes,no,yes,yes,yes,no,5,4,2,1,1,5,0,12,15,15,0,0,1,1,0,1,1,1,2,0,0,1,1,0,1,1,1,0,0.4912935323383084,3,0.5,1.7320508075688772,13.5,2,8,1
GP,M,16,U,LE3,T,4,2,teacher,other,course,mother,1,2,0,no,no,no,yes,yes,yes,yes,no,4,5,1,1,3,5,2,15,15,16,0,0,1,1,1,1,4,2,0,1,0,0,0,1,1,1,1,0,0.9825870646766168,1,0.6578947368421053,0.5773502691896258,15.0,4,6,0
GP,M,16,U,LE3,T,2,2,other,other,reputation,mother,2,2,0,no,yes,no,yes,yes,yes,yes,no,5,4,4,2,4,5,0,13,13,12,0,0,1,1,1,1,2,2,3,1,0,1,0,1,1,1,1,0,0.9825870646766168,-1,0.8333333333333334,0.5773502691896257,13.0,6,4,1
GP,F,15,R,GT3,T,2,4,services,health,course,mother,1,3,0,yes,yes,yes,yes,yes,yes,yes,no,4,3,2,1,1,5,2,10,9,8,1,0,0,0,0,1,3,1,0,1,1,1,1,1,1,1,1,0,1.4738805970149251,-2,0.8245614035087719,1.0,9.5,2,6,2
GP,F,16,U,GT3,T,2,2,services,services,home,mother,1,1,2,no,yes,yes,no,no,yes,yes,no,1,2,2,1,3,5,14,6,9,8,1,0,0,1,0,1,3,3,1,1,0,1,1,0,0,1,1,0,0.4912935323383084,2,0.4385964912280702,1.5275252316519468,7.5,4,4,1
GP,M,15,U,GT3,T,2,2,other,other,home,mother,1,1,0,no,yes,yes,no,yes,yes,yes,no,4,2,2,1,2,5,2,12,12,11,0,0,1,1,0,1,2,2,1,1,0,1,1,0,1,1,1,0,0.4912935323383084,-1,0.4912280701754386,0.5773502691896257,12.0,3,4,1
GP,M,15,U,GT3,T,4,2,health,services,other,mother,1,1,0,no,no,yes,no,yes,yes,yes,no,2,2,4,2,4,1,4,15,16,15,0,0,1,1,0,1,1,3,2,1,0,0,1,0,1,1,1,0,0.4912935323383084,0,0.4824561403508772,0.5773502691896258,15.5,6,6,0
GP,M,16,U,LE3,A,3,4,services,other,home,mother,1,2,0,yes,yes,no,yes,yes,yes,yes,no,5,3,3,1,1,5,4,11,11,11,0,0,1,1,1,0,3,2,1,1,1,1,0,1,1,1,1,0,0.9825870646766168,0,0.9824561403508772,0.0,11.0,2,7,2
GP,M,16,U,GT3,T,4,4,teacher,teacher,home,mother,1,2,0,no,yes,yes,yes,yes,yes,yes,yes,4,4,5,5,5,5,16,10,12,11,0,0,1,1,0,1,4,4,1,1,0,1,1,1,1,1,1,1,0.9825870646766168,1,0.5964912280701754,1.0,11.0,10,8,1
GP,M,15,U,GT3,T,4,4,health,services,home,mother,1,2,0,no,yes,yes,no,no,yes,yes,no,5,4,2,3,4,5,0,9,11,12,0,0,1,1,0,1,1,3,1,1,0,1,1,0,0,1,1,0,0.9825870646766168,3,0.5,1.5275252316519468,10.0,7,8,1
GP,M,15,U,GT3,T,4,4,services,services,reputation,mother,2,2,0,no,yes,no,yes,yes,yes,yes,no,4,3,1,1,1,5,0,17,16,17,0,0,1,1,0,1,3,3,3,1,0,1,0,1,1,1,1,0,0.9825870646766168,0,0.6666666666666666,0.5773502691896258,16.5,2,8,1
GP,M,15,R,GT3,T,4,3,teacher,at_home,course,mother,1,2,0,no,yes,no,yes,yes,yes,yes,yes,4,5,2,1,1,5,0,17,16,16,0,0,1,0,0,1,4,0,0,1,0,1,0,1,1,1,1,1,0.9825870646766168,-1,0.8333333333333334,0.5773502691896258,16.5,2,7,1
GP,M,15,U,LE3,T,3,3,other,other,course,mother,1,2,0,no,no,no,yes,no,yes,yes,no,5,3,2,1,1,2,0,8,10,12,0,0,1,1,1,1,2,2,0,1,0,0,0,1,0,1,1,0,0.9825870646766168,4,0.8333333333333334,2.0,9.0,2,6,0
GP,M,16,U,GT3,T,3,2,other,other,home,mother,1,1,0,no,yes,yes,no,no,yes,yes,no,5,4,3,1,1,5,0,12,14,15,0,0,1,1,0,1,2,2,1,1,0,1,1,0,0,1,1,0,0.4912935323383084,3,0.6666666666666666,1.5275252316519468,13.0,2,5,1
GP,F,15,U,GT3,T,2,3,other,other,other,father,2,1,0,no,yes,no,yes,yes,yes,no,no,3,5,1,1,1,5,0,8,7,6,1,0,0,1,0,1,2,2,2,0,0,1,0,1,1,1,0,0,0.4912935323383084,-2,0.6666666666666666,1.0,7.5,2,5,1
GP,M,15,U,LE3,T,4,3,teacher,services,home,mother,1,3,0,no,yes,no,yes,yes,yes,yes,no,5,4,3,1,1,4,2,15,16,18,0,0,1,1,1,1,4,3,1,1,0,1,0,1,1,1,1,0,1.4738805970149251,3,0.9912280701754387,1.5275252316519465,15.5,2,7,1
GP,M,16,R,GT3,A,4,4,other,teacher,reputation,mother,2,3,0,no,yes,no,yes,yes,yes,yes,yes,2,4,3,1,1,5,7,15,16,15,0,0,1,0,0,0,2,4,3,1,0,1,0,1,1,1,1,1,1.4738805970149251,0,0.9692982456140351,0.5773502691896258,15.5,2,8,1
GP,F,15,R,GT3,T,3,4,services,health,course,mother,1,3,0,yes,yes,yes,yes,yes,yes,yes,no,4,3,2,1,1,5,2,12,12,11,0,0,0,0,0,1,3,1,0,1,1,1,1,1,1,1,1,0,1.4738805970149251,-1,0.8245614035087719,0.5773502691896257,12.0,2,7,2
GP,F,15,R,GT3,T,2,2,at_home,other,reputation,mother,1,1,0,yes,yes,yes,yes,yes,yes,no,no,4,3,1,1,1,2,8,14,13,13,0,0,0,0,0,1,0,2,3,1,1,1,1,1,1,1,0,0,0.4912935323383084,-1,0.6315789473684211,0.5773502691896258,13.5,2,4,2
GP,F,16,U,LE3,T,2,2,other,other,home,mother,2,2,1,no,yes,no,yes,no,yes,yes,yes,3,3,3,1,2,3,25,7,10,11,0,0,0,1,1,1,2,2,1,1,0,1,0,1,0,1,1,1,0.9825870646766168,4,0.8903508771929824,2.081665999466133,8.5,3,4,1
GP,M,15,U,LE3,T,4,4,teacher,other,home,other,1,1,0,no,yes,no,no,no,yes,yes,yes,5,4,3,2,4,5,8,12,12,12,0,0,1,1,1,1,4,2,1,2,0,1,0,0,0,1,1,1,0.4912935323383084,0,0.6315789473684211,0.0,12.0,6,8,1
GP,M,15,U,GT3,T,4,4,services,teacher,course,father,1,2,0,no,yes,no,yes,yes,yes,yes,no,4,3,3,1,1,5,2,19,18,18,0,0,1,1,0,1,3,4,0,0,0,1,0,1,1,1,1,0,0.9825870646766168,-1,0.9912280701754387,0.5773502691896258,18.5,2,8,1
GP,M,15,U,GT3,T,2,2,services,services,course,father,1,1,0,yes,yes,no,no,yes,yes,yes,no,5,4,1,1,1,1,0,8,8,11,0,0,1,1,0,1,3,3,0,0,1,1,0,0,1,1,1,0,0.4912935323383084,3,0.3333333333333333,1.7320508075688772,8.0,2,4,2
GP,F,16,U,LE3,T,2,2,other,at_home,course,father,2,2,1,yes,no,no,yes,yes,yes,yes,no,4,3,3,2,2,5,14,10,10,9,1,0,0,1,1,1,2,0,0,0,1,0,0,1,1,1,1,0,0.9825870646766168,-1,0.9385964912280702,0.5773502691896257,10.0,4,4,1
GP,F,15,U,LE3,A,4,3,other,other,course,mother,1,2,0,yes,yes,yes,yes,yes,yes,yes,yes,5,2,2,1,1,5,8,8,8,6,1,0,0,1,1,0,2,2,0,1,1,1,1,1,1,1,1,1,0.9825870646766168,-2,0.7982456140350878,1.1547005383792517,8.0,2,7,2
GP,F,16,U,LE3,A,3,3,other,services,home,mother,1,2,0,no,yes,no,no,yes,yes,yes,no,2,3,5,1,4,3,12,11,12,11,0,0,0,1,1,0,2,3,1,1,0,1,0,0,1,1,1,0,0.9825870646766168,0,0.2807017543859649,0.5773502691896258,11.5,5,6,1
GP,M,16,U,GT3,T,4,3,health,services,reputation,mother,1,4,0,no,no,no,yes,yes,yes,yes,no,4,2,2,1,1,2,4,19,19,20,0,0,1,1,0,1,1,3,3,1,0,0,0,1,1,1,1,0,1.9651741293532337,1,0.8157894736842106,0.5773502691896258,19.0,2,7,0
GP,M,15,U,GT3,T,4,2,teacher,other,home,mother,1,2,0,no,yes,yes,no,yes,yes,no,no,4,3,3,2,2,5,2,15,15,14,0,0,1,1,0,1,4,2,1,1,0,1,1,0,1,1,0,0,0.9825870646766168,-1,0.6578947368421053,0.5773502691896257,15.0,4,6,1
GP,F,15,U,GT3,T,4,4,services,teacher,other,father,1,2,1,yes,yes,no,yes,no,yes,yes,no,4,4,4,1,1,3,2,7,7,7,1,0,0,1,0,1,3,4,2,0,1,1,0,1,0,1,1,0,0.9825870646766168,0,0.8245614035087719,0.0,7.0,2,8,2
GP,F,16,U,LE3,T,2,2,services,services,course,mother,3,2,0,no,yes,yes,no,yes,yes,yes,no,4,3,3,2,3,4,2,12,13,13,0,0,0,1,1,1,3,3,0,1,0,1,1,0,1,1,1,0,0.9825870646766168,1,0.6578947368421053,0.5773502691896257,12.5,5,4,1
GP,F,15,U,LE3,T,4,2,health,other,other,mother,1,2,0,no,yes,yes,no,yes,yes,yes,no,4,3,3,1,1,5,2,11,13,13,0,0,0,1,1,1,1,2,2,1,0,1,1,0,1,1,1,0,0.9825870646766168,2,0.6578947368421053,1.1547005383792515,12.0,2,6,1
GP,M,15,U,LE3,A,4,2,health,health,other,father,2,1,1,no,no,no,no,yes,yes,no,no,5,5,5,3,4,5,6,11,11,10,0,0,1,1,1,0,1,1,2,0,0,0,0,0,1,1,0,0,0.4912935323383084,-1,0.30701754385964913,0.5773502691896257,11.0,7,6,0
GP,F,15,U,GT3,T,4,4,services,services,course,mother,1,1,0,yes,yes,yes,no,yes,yes,yes,no,3,3,4,2,3,5,0,8,10,11,0,0,0,1,0,1,3,3,0,1,1,1,1,0,1,1,1,0,0.4912935323383084,3,0.5,1.5275252316519468,9.0,5,8,2
GP,F,15,U,LE3,A,3,3,other,other,other,mother,1,1,0,no,no,yes,no,yes,yes,yes,no,5,3,4,4,4,1,6,10,13,13,0,0,0,1,1,0,2,2,2,1,0,0,1,0,1,1,1,0,0.4912935323383084,3,0.47368421052631576,1.7320508075688772,11.5,8,6,0
GP,F,16,U,GT3,A,2,1,other,other,other,mother,1,2,0,no,no,yes,yes,yes,yes,yes,yes,5,3,4,1,1,2,8,8,9,10,0,0,0,1,0,0,2,2,2,1,0,0,1,1,1,1,1,1,0.9825870646766168,2,0.7982456140350878,1.0,8.5,2,3,0
GP,F,15,U,GT3,A,4,3,services,services,reputation,mother,1,2,0,no,yes,yes,yes,yes,yes,yes,no,4,3,2,1,1,1,0,14,15,15,0,0,0,1,0,0,3,3,3,1,0,1,1,1,1,1,1,0,0.9825870646766168,1,0.8333333333333334,0.5773502691896257,14.5,2,7,1
GP,M,15,U,GT3,T,4,4,teacher,health,reputation,mother,1,2,0,no,yes,no,yes,yes,yes,no,no,3,2,2,1,1,5,4,14,15,15,0,0,1,1,0,1,4,1,3,1,0,1,0,1,1,1,0,0,0.9825870646766168,1,0.8157894736842106,0.5773502691896257,14.5,2,8,1
GP,M,15,U,LE3,T,1,2,other,at_home,home,father,1,2,0,yes,yes,no,yes,yes,yes,yes,no,4,3,2,1,1,5,2,9,10,9,1,0,1,1,1,1,2,0,1,0,1,1,0,1,1,1,1,0,0.9825870646766168,0,0.8245614035087719,0.5773502691896258,9.5,2,3,2
GP,F,16,U,GT3,T,4,2,services,other,course,mother,1,2,0,no,yes,no,no,yes,yes,yes,no,4,2,3,1,1,5,2,15,16,16,0,0,0,1,0,1,3,2,0,1,0,1,0,0,1,1,1,0,0.9825870646766168,1,0.6578947368421053,0.5773502691896257,15.5,2,6,1
GP,F,16,R,GT3,T,4,4,health,teacher,other,mother,1,2,0,no,yes,no,yes,yes,yes,no,no,2,4,4,2,3,4,6,10,11,11,0,0,0,0,0,1,1,4,2,1,0,1,0,1,1,1,0,0,0.9825870646766168,1,0.8070175438596491,0.5773502691896257,10.5,5,8,1
GP,F,16,U,GT3,T,1,1,services,services,course,father,4,1,0,yes,yes,no,yes,no,yes,yes,yes,5,5,5,5,5,5,6,10,8,11,0,0,0,1,0,1,3,3,0,0,1,1,0,1,0,1,1,1,0.4912935323383084,1,0.6403508771929824,1.5275252316519468,9.0,10,2,2
GP,F,16,U,LE3,T,1,2,other,services,reputation,father,1,2,0,yes,no,no,yes,yes,yes,yes,no,4,4,3,1,1,1,4,8,10,9,1,0,0,1,1,1,2,3,3,0,1,0,0,1,1,1,1,0,0.9825870646766168,1,0.9824561403508772,1.0,9.0,2,3,1
GP,F,16,U,GT3,T,4,3,teacher,health,home,mother,1,3,0,yes,yes,yes,yes,yes,yes,yes,no,3,4,4,2,4,4,2,10,9,9,1,0,0,1,0,1,4,1,1,1,1,1,1,1,1,1,1,0,1.4738805970149251,-1,0.8245614035087719,0.5773502691896258,9.5,6,7,2
GP,F,15,U,LE3,T,4,3,services,services,reputation,father,1,2,0,yes,no,no,yes,yes,yes,yes,yes,4,4,4,2,4,2,0,10,10,10,0,0,0,1,1,1,3,3,3,0,1,0,0,1,1,1,1,1,0.9825870646766168,0,0.8333333333333334,0.0,10.0,6,7,1
GP,F,16,U,LE3,T,4,3,teacher,services,course,mother,3,2,0,no,yes,no,yes,yes,yes,yes,no,5,4,3,1,2,1,2,16,15,15,0,0,0,1,1,1,4,3,0,1,0,1,0,1,1,1,1,0,0.9825870646766168,-1,0.9912280701754387,0.5773502691896258,15.5,3,7,1
GP,M,15,U,GT3,A,4,4,other,services,reputation,mother,1,4,0,no,yes,no,yes,no,yes,yes,yes,1,3,3,5,5,3,4,13,13,12,0,0,1,1,0,0,2,3,3,1,0,1,0,1,0,1,1,1,1.9651741293532337,-1,0.9824561403508772,0.5773502691896257,13.0,10,8,1
GP,F,16,U,GT3,T,3,1,services,other,course,mother,1,4,0,yes,yes,yes,no,yes,yes,yes,no,4,3,3,1,2,5,4,7,7,6,1,0,0,1,0,1,3,2,0,1,1,1,1,0,1,1,1,0,1.9651741293532337,-1,0.6491228070175439,0.5773502691896257,7.0,3,4,2
GP,F,15,R,LE3,T,2,2,health,services,reputation,mother,2,2,0,yes,yes,yes,no,yes,yes,yes,no,4,1,3,1,3,4,2,8,9,8,1,0,0,0,1,1,1,3,3,1,1,1,1,0,1,1,1,0,0.9825870646766168,0,0.6578947368421053,0.5773502691896258,8.5,4,4,2
GP,F,15,R,LE3,T,3,1,other,other,reputation,father,2,4,0,no,yes,no,no,no,yes,yes,no,4,4,2,2,3,3,12,16,16,16,0,0,0,0,1,1,2,2,3,0,0,1,0,0,0,1,1,0,1.9651741293532337,0,0.4473684210526316,0.0,16.0,5,4,1
GP,M,16,U,GT3,T,3,1,other,other,reputation,father,2,4,0,no,yes,yes,no,yes,yes,yes,no,4,3,2,1,1,5,0,13,15,15,0,0,1,1,0,1,2,2,3,0,0,1,1,0,1,1,1,0,1.9651741293532337,2,0.5,1.1547005383792515,14.0,2,4,1
GP,M,15,U,GT3,T,4,2,other,other,course,mother,1,4,0,no,no,no,no,yes,yes,yes,no,3,3,3,1,1,3,0,10,10,10,0,0,1,1,0,1,2,2,0,1,0,0,0,0,1,1,1,0,1.9651741293532337,0,0.6666666666666666,0.0,10.0,2,6,0
GP,F,15,R,GT3,T,1,1,other,other,reputation,mother,1,2,2,yes,yes,no,no,no,yes,yes,yes,3,3,4,2,4,5,2,8,6,5,1,0,0,0,0,1,2,2,3,1,1,1,0,0,0,1,1,1,0.9825870646766168,-3,0.4912280701754386,1.5275252316519465,7.0,6,2,2
GP,M,16,U,GT3,T,3,1,other,other,reputation,mother,1,1,0,no,no,no,yes,yes,yes,no,no,5,3,2,2,2,5,2,12,12,14,0,0,1,1,0,1,2,2,3,1,0,0,0,1,1,1,0,0,0.4912935323383084,2,0.8245614035087719,1.1547005383792517,12.0,4,4,0
GP,F,16,U,GT3,T,3,3,other,services,home,mother,1,2,0,yes,yes,yes,yes,yes,yes,yes,no,4,3,3,2,4,5,54,11,12,11,0,0,0,1,0,1,2,3,1,1,1,1,1,1,1,1,1,0,0.9825870646766168,0,0.7631578947368421,0.5773502691896258,11.5,6,6,2
GP,M,15,U,GT3,T,4,3,teacher,other,home,mother,1,2,0,no,yes,yes,yes,yes,yes,yes,no,4,3,3,2,3,5,6,9,9,10,0,0,1,1,0,1,4,2,1,1,0,1,1,1,1,1,1,0,0.9825870646766168,1,0.9736842105263158,0.5773502691896258,9.0,5,7,1
GP,M,15,U,GT3,T,4,0,teacher,other,course,mother,2,4,0,no,no,no,yes,yes,yes,yes,no,3,4,3,1,1,1,8,11,11,10,0,0,1,1,0,1,4,2,0,1,0,0,0,1,1,1,1,0,1.9651741293532337,-1,0.9649122807017544,0.5773502691896257,11.0,2,4,0
GP,F,16,U,GT3,T,2,2,other,other,reputation,mother,1,4,0,no,no,yes,no,yes,yes,yes,yes,5,2,3,1,3,3,0,11,11,11,0,0,0,1,0,1,2,2,3,1,0,0,1,0,1,1,1,1,1.9651741293532337,0,0.6666666666666666,0.0,11.0,4,4,0
GP,M,17,U,GT3,T,2,1,other,other,home,mother,2,1,3,yes,yes,no,yes,yes,no,yes,no,4,5,1,1,1,3,2,8,8,10,0,0,1,1,0,1,2,2,1,1,1,1,0,1,1,0,1,0,0.4912935323383084,2,0.6578947368421053,1.1547005383792517,8.0,2,3,2
GP,F,16,U,GT3,T,3,4,at_home,other,course,mother,1,2,0,no,yes,no,no,yes,yes,yes,no,2,4,3,1,2,3,12,5,5,5,1,0,0,1,0,1,0,2,0,1,0,1,0,0,1,1,1,0,0.9825870646766168,0,0.6140350877192983,0.0,5.0,3,7,1
GP,M,15,U,GT3,T,2,3,other,services,course,father,1,1,0,yes,yes,yes,yes,no,yes,yes,yes,3,2,2,1,3,3,2,10,12,12,0,0,1,1,0,1,2,3,0,0,1,1,1,1,0,1,1,1,0.4912935323383084,2,0.8245614035087719,1.1547005383792515,11.0,4,5,2
GP,M,15,U,GT3,T,2,3,other,other,home,mother,1,3,0,yes,no,yes,no,no,yes,yes,no,5,3,2,1,2,5,4,11,10,11,0,0,1,1,0,1,2,2,1,1,1,0,1,0,0,1,1,0,1.4738805970149251,0,0.4824561403508772,0.5773502691896257,10.5,3,5,1
GP,F,15,U,LE3,T,3,2,services,other,reputation,mother,1,2,0,no,yes,yes,no,yes,yes,yes,no,4,4,4,1,1,5,10,7,6,6,1,0,0,1,1,1,3,2,3,1,0,1,1,0,1,1,1,0,0.9825870646766168,-1,0.456140350877193,0.5773502691896258,6.5,2,5,1
GP,M,15,U,LE3,T,2,2,services,services,home,mother,2,2,0,no,no,yes,yes,yes,yes,yes,no,5,3,3,1,3,4,4,15,15,15,0,0,1,1,1,1,3,3,1,1,0,0,1,1,1,1,1,0,0.9825870646766168,0,0.9824561403508772,0.0,15.0,4,4,0
GP,F,15,U,GT3,T,1,1,other,other,home,father,1,2,0,no,yes,no,yes,no,yes,yes,no,4,3,2,2,3,4,2,9,10,10,0,0,0,1,0,1,2,2,1,0,0,1,0,1,0,1,1,0,0.9825870646766168,1,0.8245614035087719,0.5773502691896257,9.5,5,2,1
GP,F,15,U,GT3,T,4,4,services,services,reputation,father,2,2,2,no,no,yes,no,yes,yes,yes,yes,4,4,4,2,3,5,6,7,9,8,1,0,0,1,0,1,3,3,3,0,0,0,1,0,1,1,1,1,0.9825870646766168,1,0.47368421052631576,1.0,8.0,5,8,0
GP,F,16,U,LE3,T,2,2,at_home,other,course,mother,1,2,0,no,yes,no,no,yes,yes,no,no,4,3,4,1,2,2,4,8,7,6,1,0,0,1,1,1,0,2,0,1,0,1,0,0,1,1,0,0,0.9825870646766168,-2,0.4824561403508772,1.0,7.5,3,4,1
GP,F,15,U,GT3,T,4,2,other,other,reputation,mother,1,3,0,no,yes,no,yes,yes,yes,yes,no,5,3,3,1,3,1,4,13,14,14,0,0,0,1,0,1,2,2,3,1,0,1,0,1,1,1,1,0,1.4738805970149251,1,0.9824561403508772,0.5773502691896257,13.5,4,6,1
GP,M,16,U,GT3,T,2,2,services,other,reputation,father,2,2,1,no,no,yes,yes,no,yes,yes,no,4,4,2,1,1,3,12,11,10,10,0,0,1,1,0,1,3,2,3,0,0,0,1,1,0,1,1,0,0.9825870646766168,-1,0.7807017543859649,0.5773502691896258,10.5,2,4,0
GP,M,16,U,LE3,A,4,4,teacher,health,reputation,mother,1,2,0,no,yes,no,no,yes,yes,no,no,4,1,3,3,5,5,18,8,6,7,1,0,1,1,1,0,4,1,3,1,0,1,0,0,1,1,0,0,0.9825870646766168,-1,0.587719298245614,1.0,7.0,8,8,1
GP,F,16,U,GT3,T,3,3,other,other,home,mother,1,3,0,no,yes,yes,no,yes,yes,yes,yes,4,3,3,1,3,4,0,7,7,8,1,0,0,1,0,1,2,2,1,1,0,1,1,0,1,1,1,1,1.4738805970149251,1,0.6666666666666666,0.5773502691896258,7.0,4,6,1
GP,F,15,U,GT3,T,4,3,services,other,reputation,mother,1,1,0,no,no,yes,yes,yes,yes,yes,no,4,5,5,1,3,1,4,16,17,18,0,0,0,1,0,1,3,2,3,1,0,0,1,1,1,1,1,0,0.4912935323383084,2,0.6491228070175439,1.0,16.5,4,7,0
GP,F,16,U,LE3,T,3,1,other,other,home,father,1,2,0,yes,yes,no,no,yes,yes,no,no,3,3,3,2,3,2,4,7,6,6,1,0,0,1,1,1,2,2,1,0,1,1,0,0,1,1,0,0,0.9825870646766168,-1,0.6491228070175439,0.5773502691896258,6.5,5,4,2
GP,F,16,U,GT3,T,4,2,teacher,services,home,mother,2,2,0,no,yes,yes,yes,yes,yes,yes,no,5,3,3,1,1,1,0,11,10,10,0,0,0,1,0,1,4,3,1,1,0,1,1,1,1,1,1,0,0.9825870646766168,-1,1.0,0.5773502691896258,10.5,2,6,1
GP,M,15,U,LE3,T,2,2,services,health,reputation,mother,1,4,0,no,yes,no,yes,yes,yes,yes,no,4,3,4,1,1,4,6,11,13,14,0,0,1,1,1,1,3,1,3,1,0,1,0,1,1,1,1,0,1.9651741293532337,3,0.8070175438596491,1.5275252316519468,12.0,2,4,1
GP,F,15,R,GT3,T,1,1,at_home,other,home,mother,2,4,1,yes,yes,yes,yes,yes,yes,yes,no,3,1,2,1,1,1,2,7,10,10,0,0,0,0,0,1,0,2,1,1,1,1,1,1,1,1,1,0,1.9651741293532337,3,0.8245614035087719,1.7320508075688772,8.5,2,2,2
GP,M,16,R,GT3,T,4,3,services,other,reputation,mother,2,1,0,yes,yes,no,yes,no,yes,yes,no,3,3,3,1,1,4,2,11,15,15,0,0,1,0,0,1,3,2,3,1,1,1,0,1,0,1,1,0,0.4912935323383084,4,0.9912280701754387,2.3094010767585034,13.0,2,7,2
GP,F,16,U,GT3,T,2,1,other,other,course,mother,1,2,0,no,yes,yes,no,yes,yes,no,yes,4,3,5,1,1,5,2,8,9,10,0,0,0,1,0,1,2,2,0,1,0,1,1,0,1,1,0,1,0.9825870646766168,2,0.32456140350877194,1.0,8.5,2,3,1
GP,F,16,U,GT3,T,4,4,other,other,reputation,mother,1,1,0,no,no,no,yes,no,yes,yes,no,5,3,4,1,2,1,6,11,14,14,0,0,0,1,0,1,2,2,3,1,0,0,0,1,0,1,1,0,0.4912935323383084,3,0.8070175438596491,1.7320508075688772,12.5,3,8,0
GP,F,16,U,GT3,T,4,3,other,at_home,course,mother,1,3,0,yes,yes,yes,no,yes,yes,yes,no,5,3,5,1,1,3,0,7,9,8,1,0,0,1,0,1,2,0,0,1,1,1,1,0,1,1,1,0,1.4738805970149251,1,0.3333333333333333,1.0,8.0,2,7,2
GP,M,16,U,GT3,T,4,4,services,services,other,mother,1,1,0,yes,yes,yes,yes,yes,yes,yes,no,4,5,5,5,5,4,14,7,7,5,1,0,1,1,0,1,3,3,2,1,1,1,1,1,1,1,1,0,0.4912935323383084,-2,0.6052631578947368,1.1547005383792517,7.0,10,8,2
GP,M,16,U,GT3,T,4,4,services,teacher,other,father,1,3,0,no,yes,no,yes,yes,yes,yes,yes,4,4,3,1,1,4,0,16,17,17,0,0,1,1,0,1,3,4,2,0,0,1,0,1,1,1,1,1,1.4738805970149251,1,1.0,0.5773502691896258,16.5,2,8,1
GP,M,15,U,GT3,T,4,4,services,other,course,mother,1,1,0,no,yes,no,yes,no,yes,yes,no,5,3,3,1,1,5,4,10,13,14,0,0,1,1,0,1,3,2,0,1,0,1,0,1,0,1,1,0,0.4912935323383084,4,0.9824561403508772,2.081665999466133,11.5,2,8,1
GP,F,15,U,GT3,T,3,2,services,other,home,mother,2,2,0,yes,yes,yes,no,yes,yes,yes,no,4,3,5,1,1,2,26,7,6,6,1,0,0,1,0,1,3,2,1,1,1,1,1,0,1,1,1,0,0.9825870646766168,-1,0.2192982456140351,0.5773502691896258,6.5,2,5,2
GP,M,15,U,GT3,A,3,4,services,other,course,mother,1,2,0,no,yes,yes,yes,yes,yes,yes,no,5,4,4,1,1,1,0,16,18,18,0,0,1,1,0,0,3,2,0,1,0,1,1,1,1,1,1,0,0.9825870646766168,2,0.8333333333333334,1.1547005383792515,17.0,2,7,1
GP,F,15,U,GT3,A,3,3,other,health,reputation,father,1,4,0,yes,no,no,no,yes,yes,no,no,4,3,3,1,1,4,10,10,11,11,0,0,0,1,0,0,2,1,3,0,1,0,0,0,1,1,0,0,1.9651741293532337,1,0.6228070175438597,0.5773502691896257,10.5,2,6,1
GP,F,15,U,GT3,T,2,2,other,other,course,mother,1,4,0,yes,yes,yes,no,yes,yes,yes,no,5,1,2,1,1,3,8,7,8,8,1,0,0,1,0,1,2,2,0,1,1,1,1,0,1,1,1,0,1.9651741293532337,1,0.46491228070175444,0.5773502691896257,7.5,2,4,2
GP,M,16,U,GT3,T,3,3,services,other,home,father,1,3,0,no,yes,no,yes,yes,yes,yes,no,5,3,3,1,1,5,2,16,18,18,0,0,1,1,0,1,3,2,1,0,0,1,0,1,1,1,1,0,1.4738805970149251,2,0.9912280701754387,1.1547005383792515,17.0,2,6,1
GP,M,15,R,GT3,T,4,4,other,other,home,father,4,4,0,no,yes,yes,yes,yes,yes,yes,yes,1,3,5,3,5,1,6,10,13,13,0,0,1,0,0,1,2,2,1,0,0,1,1,1,1,1,1,1,1.9651741293532337,3,0.6403508771929824,1.7320508075688772,11.5,8,8,1
GP,F,16,U,LE3,T,4,4,health,health,other,mother,1,3,0,no,yes,yes,yes,yes,yes,yes,yes,5,4,5,1,1,4,4,14,15,16,0,0,0,1,1,1,1,1,2,1,0,1,1,1,1,1,1,1,1.4738805970149251,2,0.6491228070175439,1.0,14.5,2,8,1
GP,M,15,U,LE3,A,4,4,teacher,teacher,course,mother,1,1,0,no,no,no,yes,yes,yes,yes,no,5,5,3,1,1,4,6,18,19,19,0,0,1,1,1,0,4,4,0,1,0,0,0,1,1,1,1,0,0.4912935323383084,1,0.9736842105263158,0.5773502691896258,18.5,2,8,0
GP,F,16,R,GT3,T,3,3,services,other,reputation,father,1,3,1,yes,yes,no,yes,yes,yes,yes,no,4,1,2,1,1,2,0,7,10,10,0,0,0,0,0,1,3,2,3,0,1,1,0,1,1,1,1,0,1.4738805970149251,3,0.8333333333333334,1.7320508075688772,8.5,2,6,2
GP,F,16,U,GT3,T,2,2,at_home,other,home,mother,1,2,1,yes,no,no,yes,yes,yes,yes,no,3,1,2,1,1,5,6,10,13,13,0,0,0,1,0,1,0,2,1,1,1,0,0,1,1,1,1,0,0.9825870646766168,3,0.8070175438596491,1.7320508075688772,11.5,2,4,1
GP,M,15,U,LE3,T,4,2,teacher,other,course,mother,1,1,0,no,no,no,no,yes,yes,yes,no,3,5,2,1,1,3,10,18,19,19,0,0,1,1,1,1,4,2,0,1,0,0,0,0,1,1,1,0,0.4912935323383084,1,0.456140350877193,0.5773502691896258,18.5,2,6,0
GP,M,15,R,GT3,T,2,1,health,services,reputation,mother,1,2,0,no,no,no,yes,yes,yes,yes,yes,5,4,2,1,1,5,8,9,9,9,1,0,1,0,0,1,1,3,3,1,0,0,0,1,1,1,1,1,0.9825870646766168,0,0.7982456140350878,0.0,9.0,2,3,0
GP,M,16,U,GT3,T,4,4,teacher,teacher,course,father,1,2,0,no,yes,no,yes,yes,yes,yes,no,5,4,4,1,2,5,2,15,15,16,0,0,1,1,0,1,4,4,0,0,0,1,0,1,1,1,1,0,0.9825870646766168,1,0.8245614035087719,0.5773502691896258,15.0,3,8,1
GP,M,15,U,GT3,T,4,4,other,teacher,reputation,father,2,2,0,no,yes,no,yes,yes,yes,no,no,4,4,3,1,1,2,2,11,13,14,0,0,1,1,0,1,2,4,3,0,0,1,0,1,1,1,0,0,0.9825870646766168,3,0.9912280701754387,1.5275252316519468,12.0,2,8,1
GP,M,16,U,GT3,T,3,3,other,services,home,father,2,1,0,no,no,no,yes,yes,yes,yes,no,5,4,2,1,1,5,0,13,14,13,0,0,1,1,0,1,2,3,1,0,0,0,0,1,1,1,1,0,0.4912935323383084,0,0.8333333333333334,0.5773502691896258,13.5,2,6,0
GP,M,17,R,GT3,T,1,3,other,other,course,father,3,2,1,no,yes,no,yes,yes,yes,yes,no,5,2,4,1,4,5,20,9,7,8,1,0,1,0,0,1,2,2,0,0,0,1,0,1,1,1,1,0,0.9825870646766168,-1,0.7456140350877193,1.0,8.0,5,4,1
GP,M,15,U,GT3,T,3,4,other,other,reputation,father,1,1,0,no,no,no,no,yes,yes,yes,no,3,4,3,1,2,4,6,14,13,13,0,0,1,1,0,1,2,2,3,0,0,0,0,0,1,1,1,0,0.4912935323383084,-1,0.6403508771929824,0.5773502691896258,13.5,3,7,0
GP,F,15,U,GT3,T,1,2,at_home,services,course,mother,1,2,0,no,no,no,no,no,yes,yes,no,3,2,3,1,2,1,2,16,15,15,0,0,0,1,0,1,0,3,0,1,0,0,0,0,0,1,1,0,0.9825870646766168,-1,0.6578947368421053,0.5773502691896258,15.5,3,3,0
GP,M,15,U,GT3,T,2,2,services,services,home,father,1,4,0,no,yes,yes,yes,yes,yes,yes,no,5,5,4,1,2,5,6,16,14,15,0,0,1,1,0,1,3,3,1,0,0,1,1,1,1,1,1,0,1.9651741293532337,-1,0.8070175438596491,1.0,15.0,3,4,1
GP,F,16,U,LE3,T,2,4,other,health,course,father,2,2,0,no,yes,yes,yes,yes,yes,yes,yes,4,2,2,1,2,5,2,13,13,13,0,0,0,1,1,1,2,1,0,0,0,1,1,1,1,1,1,1,0.9825870646766168,0,0.8245614035087719,0.0,13.0,3,6,1
GP,M,16,U,GT3,T,4,4,health,other,course,mother,1,1,0,no,yes,no,yes,yes,yes,yes,no,3,4,4,1,4,5,18,14,11,13,0,0,1,1,0,1,1,2,0,1,0,1,0,1,1,1,1,0,0.4912935323383084,-1,0.7543859649122807,1.5275252316519468,12.5,5,8,1
GP,F,16,U,GT3,T,2,2,other,other,home,mother,1,2,0,no,no,yes,no,yes,yes,yes,yes,5,4,4,1,1,5,0,8,7,8,1,0,0,1,0,1,2,2,1,1,0,0,1,0,1,1,1,1,0.9825870646766168,0,0.5,0.5773502691896257,7.5,2,4,0
GP,M,15,U,GT3,T,3,4,services,services,home,father,1,1,0,yes,no,no,no,yes,yes,yes,no,5,5,5,3,2,5,0,13,13,12,0,0,1,1,0,1,3,3,1,0,1,0,0,0,1,1,1,0,0.4912935323383084,-1,0.3333333333333333,0.5773502691896257,13.0,5,7,1
GP,F,15,U,LE3,A,3,4,other,other,home,mother,1,2,0,yes,no,no,yes,yes,yes,yes,yes,5,3,2,1,1,1,0,7,10,11,0,0,0,1,1,0,2,2,1,1,1,0,0,1,1,1,1,1,0.9825870646766168,4,0.8333333333333334,2.081665999466133,8.5,2,7,1
GP,F,19,U,GT3,T,0,1,at_home,other,course,other,1,2,3,no,yes,no,no,no,no,no,no,3,4,2,1,1,5,2,7,8,9,1,0,0,1,0,1,0,2,0,2,0,1,0,0,0,0,0,0,0.9825870646766168,2,0.4912280701754386,1.0,7.5,2,1,1
GP,M,18,R,GT3,T,2,2,services,other,reputation,mother,1,1,2,no,yes,no,yes,yes,yes,yes,no,3,3,3,1,2,4,0,7,4,0,1,0,1,0,0,1,3,2,3,1,0,1,0,1,1,1,1,0,0.4912935323383084,-7,1.0,3.511884584284246,5.5,3,4,1
GP,M,16,R,GT3,T,4,4,teacher,teacher,course,mother,1,1,0,no,no,yes,yes,yes,yes,yes,no,3,5,5,2,5,4,8,18,18,18,0,0,1,0,0,1,4,4,0,1,0,0,1,1,1,1,1,0,0.4912935323383084,0,0.6315789473684211,0.0,18.0,7,8,0
GP,F,15,R,GT3,T,3,4,services,teacher,course,father,2,3,2,no,yes,no,no,yes,yes,yes,yes,4,2,2,2,2,5,0,12,0,0,1,0,0,0,0,1,3,4,0,0,0,1,0,0,1,1,1,1,1.4738805970149251,-12,0.5,6.928203230275509,6.0,4,7,1
GP,F,15,U,GT3,T,1,1,at_home,other,course,mother,3,1,0,no,yes,no,yes,no,yes,yes,yes,4,3,3,1,2,4,0,8,0,0,1,0,0,1,0,1,0,2,0,1,0,1,0,1,0,1,1,1,0.4912935323383084,-8,1.0,4.618802153517007,4.0,3,2,1
GP,F,17,U,LE3,T,2,2,other,other,course,father,1,1,0,no,yes,no,no,yes,yes,yes,yes,3,4,4,1,3,5,12,10,13,12,0,0,0,1,1,1,2,2,0,0,0,1,0,0,1,1,1,1,0.4912935323383084,2,0.4473684210526316,1.5275252316519468,11.5,4,4,1
GP,F,16,U,GT3,A,3,4,services,other,course,father,1,1,0,no,no,no,no,yes,yes,yes,no,3,2,1,1,4,5,16,12,11,11,0,0,0,1,0,0,3,2,0,0,0,0,0,0,1,1,1,0,0.4912935323383084,-1,0.2631578947368421,0.5773502691896258,11.5,5,7,0
GP,M,15,R,GT3,T,3,4,at_home,teacher,course,mother,4,2,0,no,yes,no,no,yes,yes,no,yes,5,3,3,1,1,5,0,9,0,0,1,0,1,0,0,1,0,4,0,1,0,1,0,0,1,1,0,1,0.9825870646766168,-9,0.6666666666666666,5.196152422706632,4.5,2,7,1
GP,F,15,U,GT3,T,4,4,services,at_home,course,mother,1,3,0,no,yes,no,yes,yes,yes,yes,yes,4,3,3,1,1,5,0,11,0,0,1,0,0,1,0,1,3,0,0,1,0,1,0,1,1,1,1,1,1.4738805970149251,-11,1.0,6.3508529610858835,5.5,2,8,1
GP,M,17,R,GT3,T,3,4,at_home,other,course,mother,3,2,0,no,no,no,no,yes,yes,no,no,5,4,5,2,4,5,0,10,0,0,1,0,1,0,0,1,0,2,0,1,0,0,0,0,1,1,0,0,0.9825870646766168,-10,0.3333333333333333,5.773502691896258,5.0,6,7,0
GP,F,16,U,GT3,A,3,3,other,other,course,other,2,1,2,no,yes,no,yes,no,yes,yes,yes,4,3,2,1,1,5,0,4,0,0,1,0,0,1,0,0,2,2,0,2,0,1,0,1,0,1,1,1,0.4912935323383084,-4,0.8333333333333334,2.3094010767585034,2.0,2,6,1
GP,M,16,U,LE3,T,1,1,services,other,course,mother,1,2,1,no,no,no,no,yes,yes,no,yes,4,4,4,1,3,5,0,14,12,12,0,0,1,1,1,1,3,2,0,1,0,0,0,0,1,1,0,1,0.9825870646766168,-2,0.5,1.1547005383792517,13.0,4,2,0
GP,F,15,U,GT3,T,4,4,teacher,teacher,course,mother,2,1,0,no,no,no,yes,yes,yes,yes,no,4,3,2,1,1,5,0,16,16,15,0,0,0,1,0,1,4,4,0,1,0,0,0,1,1,1,1,0,0.4912935323383084,-1,0.8333333333333334,0.5773502691896257,16.0,2,8,0
GP,M,15,U,GT3,T,4,3,teacher,services,course,father,2,4,0,yes,yes,no,no,yes,yes,yes,no,2,2,2,1,1,3,0,7,9,0,1,0,1,1,0,1,4,3,0,0,1,1,0,0,1,1,1,0,1.9651741293532337,-7,0.5,4.725815626252609,8.0,2,7,2
GP,M,16,U,LE3,T,2,2,services,services,reputation,father,2,1,2,no,yes,no,yes,yes,yes,yes,no,2,3,3,2,2,2,8,9,9,9,1,0,1,1,1,1,3,3,3,0,0,1,0,1,1,1,1,0,0.4912935323383084,0,0.9649122807017544,0.0,9.0,4,4,1
GP,F,15,U,GT3,T,4,4,teacher,services,course,mother,1,3,0,no,yes,yes,yes,yes,yes,yes,no,4,2,2,1,1,5,2,9,11,11,0,0,0,1,0,1,4,3,0,1,0,1,1,1,1,1,1,0,1.4738805970149251,2,0.8245614035087719,1.1547005383792515,10.0,2,8,1
GP,F,16,U,LE3,T,1,1,at_home,at_home,course,mother,1,1,0,no,no,no,no,yes,yes,yes,no,3,4,4,3,3,1,2,14,14,13,0,0,0,1,1,1,0,0,0,1,0,0,0,0,1,1,1,0,0.4912935323383084,-1,0.4912280701754386,0.5773502691896257,14.0,6,2,0
GP,M,17,U,GT3,T,2,1,other,other,home,mother,1,1,3,no,yes,no,no,yes,yes,yes,no,5,4,5,1,2,5,0,5,0,0,1,0,1,1,0,1,2,2,1,1,0,1,0,0,1,1,1,0,0.4912935323383084,-5,0.3333333333333333,2.886751345948129,2.5,3,3,1
GP,F,15,U,GT3,T,1,1,other,services,course,father,1,2,0,no,yes,yes,no,yes,yes,yes,no,4,4,2,1,2,5,0,8,11,11,0,0,0,1,0,1,2,3,0,0,0,1,1,0,1,1,1,0,0.9825870646766168,3,0.5,1.7320508075688772,9.5,3,2,1
GP,F,15,U,GT3,T,3,2,health,services,home,father,1,2,3,no,yes,no,no,yes,yes,yes,no,3,3,2,1,1,3,0,6,7,0,1,0,0,1,0,1,1,3,1,0,0,1,0,0,1,1,1,0,0.9825870646766168,-6,0.5,3.7859388972001824,6.5,2,5,1
GP,F,15,U,GT3,T,1,2,at_home,other,course,mother,1,2,0,no,yes,yes,no,no,yes,yes,no,4,3,2,1,1,5,2,10,11,11,0,0,0,1,0,1,0,2,0,1,0,1,1,0,0,1,1,0,0.9825870646766168,1,0.4912280701754386,0.5773502691896257,10.5,2,3,1
GP,M,16,U,GT3,T,4,4,teacher,teacher,course,mother,1,1,0,no,yes,no,no,yes,no,yes,yes,3,3,2,2,1,5,0,7,6,0,1,0,1,1,0,1,4,4,0,1,0,1,0,0,1,0,1,1,0.4912935323383084,-7,0.5,3.7859388972001824,6.5,3,8,1
GP,M,15,U,LE3,A,2,1,services,other,course,mother,4,1,3,no,no,no,no,yes,yes,yes,no,4,5,5,2,5,5,0,8,9,10,0,0,1,1,1,0,3,2,0,1,0,0,0,0,1,1,1,0,0.4912935323383084,2,0.3333333333333333,1.0,8.5,7,3,0
GP,M,18,U,LE3,T,1,1,other,other,course,mother,1,1,3,no,no,no,no,yes,no,yes,yes,2,3,5,2,5,4,0,6,5,0,1,0,1,1,1,1,2,2,0,1,0,0,0,0,1,0,1,1,0.4912935323383084,-6,0.3333333333333333,3.214550253664318,5.5,7,2,0
GP,M,16,U,LE3,T,2,1,at_home,other,course,mother,1,1,1,no,no,no,yes,yes,yes,no,yes,4,4,4,3,5,5,6,12,13,14,0,0,1,1,1,1,0,2,0,1,0,0,0,1,1,1,0,1,0.4912935323383084,2,0.8070175438596491,1.0,12.5,8,3,0
GP,F,15,R,GT3,T,3,3,services,services,reputation,other,2,3,2,no,yes,yes,yes,yes,yes,yes,yes,4,2,1,2,3,3,8,10,10,10,0,0,0,0,0,1,3,3,3,2,0,1,1,1,1,1,1,1,1.4738805970149251,0,0.6315789473684211,0.0,10.0,5,6,1
GP,M,19,U,GT3,T,3,2,services,at_home,home,mother,1,1,3,no,yes,no,no,yes,no,yes,yes,4,5,4,1,1,4,0,5,0,0,1,0,1,1,0,1,3,0,1,1,0,1,0,0,1,0,1,1,0.4912935323383084,-5,0.5,2.886751345948129,2.5,2,5,1
GP,F,17,U,GT3,T,4,4,other,teacher,course,mother,1,1,0,yes,yes,no,no,yes,yes,no,yes,4,2,1,1,1,4,0,11,11,12,0,0,0,1,0,1,2,4,0,1,1,1,0,0,1,1,0,1,0.4912935323383084,1,0.3333333333333333,0.5773502691896258,11.0,2,8,2
GP,M,15,R,GT3,T,2,3,at_home,services,course,mother,1,2,0,yes,no,yes,yes,yes,yes,no,no,4,4,4,1,1,1,2,11,8,8,1,0,1,0,0,1,0,3,0,1,1,0,1,1,1,1,0,0,0.9825870646766168,-3,0.8245614035087719,1.7320508075688772,9.5,2,5,1
GP,M,17,R,LE3,T,1,2,other,other,reputation,mother,1,1,0,no,no,no,no,yes,yes,no,no,2,2,2,3,3,5,8,16,12,13,0,0,1,0,1,1,2,2,3,1,0,0,0,0,1,1,0,0,0.4912935323383084,-3,0.46491228070175444,2.0816659994661326,14.0,6,3,0
GP,F,18,R,GT3,T,1,1,at_home,other,course,mother,3,1,3,no,yes,no,yes,no,yes,no,no,5,2,5,1,5,4,6,9,8,10,0,0,0,0,0,1,0,2,0,1,0,1,0,1,0,1,0,0,0.4912935323383084,1,0.6403508771929824,1.0,8.5,6,2,1
GP,M,16,R,GT3,T,2,2,at_home,other,course,mother,3,1,0,no,no,no,no,no,yes,no,no,4,2,2,1,2,3,2,17,15,15,0,0,1,0,0,1,0,2,0,1,0,0,0,0,0,1,0,0,0.4912935323383084,-2,0.4912280701754386,1.1547005383792517,16.0,3,4,0
GP,M,16,U,GT3,T,3,3,other,services,course,father,1,2,1,no,yes,yes,no,yes,yes,yes,yes,4,5,5,4,4,5,4,10,12,12,0,0,1,1,0,1,2,3,0,0,0,1,1,0,1,1,1,1,0.9825870646766168,2,0.31578947368421056,1.1547005383792515,11.0,8,6,1
GP,M,17,R,LE3,T,2,1,at_home,other,course,mother,2,1,2,no,no,no,yes,yes,no,yes,yes,3,3,2,2,2,5,0,7,6,0,1,0,1,0,1,1,0,2,0,1,0,0,0,1,1,0,1,1,0.4912935323383084,-7,0.8333333333333334,3.7859388972001824,6.5,4,3,0
GP,M,15,R,GT3,T,3,2,other,other,course,mother,2,2,2,yes,yes,no,no,yes,yes,yes,yes,4,4,4,1,4,3,6,5,9,7,1,0,1,0,0,1,2,2,0,1,1,1,0,0,1,1,1,1,0.9825870646766168,2,0.47368421052631576,2.0,7.0,5,5,2
GP,M,16,U,LE3,T,1,2,other,other,course,mother,2,1,1,no,no,no,yes,yes,yes,no,no,4,4,4,2,4,5,0,7,0,0,1,0,1,1,1,1,2,2,0,1,0,0,0,1,1,1,0,0,0.4912935323383084,-7,0.8333333333333334,4.041451884327381,3.5,6,3,0
GP,M,17,U,GT3,T,1,3,at_home,services,course,father,1,1,0,no,no,no,no,yes,no,yes,no,5,3,3,1,4,2,2,10,10,10,0,0,1,1,0,1,0,3,0,0,0,0,0,0,1,0,1,0,0.4912935323383084,0,0.6578947368421053,0.0,10.0,5,4,0
GP,M,17,R,LE3,T,1,1,other,services,course,mother,4,2,3,no,no,no,yes,yes,no,no,yes,5,3,5,1,5,5,0,5,8,7,1,0,1,0,1,1,2,3,0,1,0,0,0,1,1,0,0,1,0.9825870646766168,2,0.6666666666666666,1.5275252316519468,6.5,6,2,0
GP,M,16,U,GT3,T,3,2,services,services,course,mother,2,1,1,no,yes,no,yes,no,no,no,no,4,5,2,1,1,2,16,12,11,12,0,0,1,1,0,1,3,3,0,1,0,1,0,1,0,0,0,0,0.4912935323383084,0,0.7631578947368421,0.5773502691896257,11.5,2,5,1
GP,M,16,U,GT3,T,2,2,other,other,course,father,1,2,0,no,no,no,no,yes,no,yes,no,4,3,5,2,4,4,4,10,10,10,0,0,1,1,0,1,2,2,0,0,0,0,0,0,1,0,1,0,0.9825870646766168,0,0.31578947368421056,0.0,10.0,6,4,0
GP,F,16,U,GT3,T,4,2,health,services,home,father,1,2,0,no,no,yes,no,yes,yes,yes,yes,4,2,3,1,1,3,0,14,15,16,0,0,0,1,0,1,1,3,1,0,0,0,1,0,1,1,1,1,0.9825870646766168,2,0.6666666666666666,1.0,14.5,2,6,0
GP,F,16,U,GT3,T,2,2,other,other,home,mother,1,2,0,no,yes,yes,no,no,yes,yes,no,5,1,5,1,1,4,0,6,7,0,1,0,0,1,0,1,2,2,1,1,0,1,1,0,0,1,1,0,0.9825870646766168,-6,0.3333333333333333,3.7859388972001824,6.5,2,4,1
GP,F,16,U,GT3,T,4,4,health,health,reputation,mother,1,2,0,no,yes,yes,no,yes,yes,yes,yes,4,4,2,1,1,3,0,14,14,14,0,0,0,1,0,1,1,1,3,1,0,1,1,0,1,1,1,1,0.9825870646766168,0,0.5,0.0,14.0,2,8,1
GP,M,16,U,GT3,T,3,4,other,other,course,father,3,1,2,no,yes,no,yes,no,yes,yes,no,3,4,5,2,4,2,0,6,5,0,1,0,1,1,0,1,2,2,0,0,0,1,0,1,0,1,1,0,0.4912935323383084,-6,0.6666666666666666,3.214550253664318,5.5,6,7,1
GP,M,16,U,GT3,T,1,0,other,other,reputation,mother,2,2,0,no,yes,yes,yes,yes,yes,yes,yes,4,3,2,1,1,3,2,13,15,16,0,0,1,1,0,1,2,2,3,1,0,1,1,1,1,1,1,1,0.9825870646766168,3,0.8245614035087719,1.5275252316519468,14.0,2,1,1
GP,M,17,U,LE3,T,4,4,teacher,other,reputation,mother,1,2,0,no,yes,yes,yes,yes,yes,yes,no,4,4,4,1,3,5,0,13,11,10,0,0,1,1,1,1,4,2,3,1,0,1,1,1,1,1,1,0,0.9825870646766168,-3,0.8333333333333334,1.5275252316519465,12.0,4,8,1
GP,F,16,U,GT3,T,1,3,at_home,services,home,mother,1,2,3,no,no,no,yes,no,yes,yes,yes,4,3,5,1,1,3,0,8,7,0,1,0,0,1,0,1,0,3,1,1,0,0,0,1,0,1,1,1,0.9825870646766168,-8,0.6666666666666666,4.358898943540674,7.5,2,4,0
GP,F,16,U,LE3,T,3,3,other,other,reputation,mother,2,2,0,no,yes,yes,yes,yes,yes,yes,no,4,4,5,1,1,4,4,10,11,9,1,0,0,1,1,1,2,2,3,1,0,1,1,1,1,1,1,0,0.9825870646766168,-1,0.6491228070175439,1.0,10.5,2,6,1
GP,M,17,U,LE3,T,4,3,teacher,other,course,mother,2,2,0,no,no,yes,yes,yes,yes,yes,no,4,4,4,4,4,4,4,10,9,9,1,0,1,1,1,1,4,2,0,1,0,0,1,1,1,1,1,0,0.9825870646766168,-1,0.8157894736842106,0.5773502691896258,9.5,8,7,0
GP,F,16,U,GT3,T,2,2,services,other,reputation,mother,2,2,0,no,no,yes,yes,no,yes,yes,no,3,4,4,1,4,5,2,13,13,11,0,0,0,1,0,1,3,2,3,1,0,0,1,1,0,1,1,0,0.9825870646766168,-2,0.8245614035087719,1.1547005383792515,13.0,5,4,0
GP,M,17,U,GT3,T,3,3,other,other,reputation,father,1,2,0,no,no,no,yes,no,yes,yes,no,4,3,4,1,4,4,4,6,5,6,1,0,1,1,0,1,2,2,3,0,0,0,0,1,0,1,1,0,0.9825870646766168,0,0.8157894736842106,0.5773502691896257,5.5,5,6,0
GP,M,16,R,GT3,T,4,2,teacher,services,other,mother,1,1,0,no,yes,no,yes,yes,yes,yes,yes,4,3,3,3,4,3,10,10,8,9,1,0,1,0,0,1,4,3,2,1,0,1,0,1,1,1,1,1,0.4912935323383084,-1,0.956140350877193,1.0,9.0,7,6,1
GP,M,17,U,GT3,T,4,3,other,other,course,mother,1,2,0,no,yes,no,yes,yes,yes,yes,yes,5,2,3,1,1,2,4,10,10,11,0,0,1,1,0,1,2,2,0,1,0,1,0,1,1,1,1,1,0.9825870646766168,1,0.9824561403508772,0.5773502691896258,10.0,2,7,1
GP,M,16,U,GT3,T,4,3,teacher,other,home,mother,1,2,0,no,yes,yes,yes,yes,yes,yes,no,3,4,3,2,3,3,10,9,8,8,1,0,1,1,0,1,4,2,1,1,0,1,1,1,1,1,1,0,0.9825870646766168,-1,0.956140350877193,0.5773502691896258,8.5,5,7,1
GP,M,16,U,GT3,T,3,3,services,other,home,mother,1,2,0,no,no,yes,yes,yes,yes,yes,yes,4,2,3,1,2,3,2,12,13,12,0,0,1,1,0,1,3,2,1,1,0,0,1,1,1,1,1,1,0.9825870646766168,0,0.9912280701754387,0.5773502691896258,12.5,3,6,0
GP,F,17,U,GT3,T,2,4,services,services,reputation,father,1,2,0,no,yes,no,yes,yes,yes,no,no,5,4,2,2,3,5,0,16,17,17,0,0,0,1,0,1,3,3,3,0,0,1,0,1,1,1,0,0,0.9825870646766168,1,0.8333333333333334,0.5773502691896258,16.5,5,6,1
GP,F,17,U,LE3,T,3,3,other,other,reputation,mother,1,2,0,no,yes,no,yes,yes,yes,yes,yes,5,3,3,2,3,1,56,9,9,8,1,0,0,1,1,1,2,2,3,1,0,1,0,1,1,1,1,1,0.9825870646766168,-1,0.7543859649122807,0.5773502691896257,9.0,5,6,1
GP,F,16,U,GT3,T,3,2,other,other,reputation,mother,1,2,0,no,yes,yes,no,yes,yes,yes,no,1,2,2,1,2,1,14,12,13,12,0,0,0,1,0,1,2,2,3,1,0,1,1,0,1,1,1,0,0.9825870646766168,0,0.4385964912280702,0.5773502691896258,12.5,3,5,1
GP,M,17,U,GT3,T,3,3,services,services,other,mother,1,2,0,no,yes,no,yes,yes,yes,yes,yes,4,3,4,2,3,4,12,12,12,11,0,0,1,1,0,1,3,3,2,1,0,1,0,1,1,1,1,1,0.9825870646766168,-1,0.7807017543859649,0.5773502691896257,12.0,5,6,1
GP,M,16,U,GT3,T,1,2,services,services,other,mother,1,1,0,no,yes,yes,yes,yes,yes,yes,yes,3,3,3,1,2,3,2,11,12,11,0,0,1,1,0,1,3,3,2,1,0,1,1,1,1,1,1,1,0.4912935323383084,0,0.9912280701754387,0.5773502691896258,11.5,3,3,1
GP,M,16,U,LE3,T,2,1,other,other,course,mother,1,2,0,no,no,yes,yes,yes,yes,yes,yes,4,2,3,1,2,5,0,15,15,15,0,0,1,1,1,1,2,2,0,1,0,0,1,1,1,1,1,1,0.9825870646766168,0,1.0,0.0,15.0,3,3,0
GP,F,17,U,GT3,A,3,3,health,other,reputation,mother,1,2,0,no,yes,no,no,no,yes,yes,yes,3,3,3,1,3,3,6,8,7,9,1,0,0,1,0,0,1,2,3,1,0,1,0,0,0,1,1,1,0.9825870646766168,1,0.6403508771929824,1.0,7.5,4,6,1
GP,M,17,R,GT3,T,1,2,at_home,other,home,mother,1,2,0,no,no,no,no,yes,yes,no,no,3,1,3,1,5,3,4,8,9,10,0,0,1,0,0,1,0,2,1,1,0,0,0,0,1,1,0,0,0.9825870646766168,2,0.6491228070175439,1.0,8.5,6,3,0
GP,F,16,U,GT3,T,2,3,services,services,course,mother,1,2,0,no,no,no,no,yes,yes,yes,no,4,3,3,1,1,2,10,11,12,13,0,0,0,1,0,1,3,3,0,1,0,0,0,0,1,1,1,0,0.9825870646766168,2,0.6228070175438597,1.0,11.5,2,5,0
GP,F,17,U,GT3,T,1,1,at_home,services,course,mother,1,2,0,no,no,no,yes,yes,yes,yes,no,5,3,3,1,1,3,0,8,8,9,1,0,0,1,0,1,0,3,0,1,0,0,0,1,1,1,1,0,0.9825870646766168,1,1.0,0.5773502691896258,8.0,2,2,0
GP,M,17,U,GT3,T,1,2,at_home,services,other,other,2,2,0,no,no,yes,yes,no,yes,yes,no,4,4,4,4,5,5,12,7,8,8,1,0,1,1,0,1,0,3,2,2,0,0,1,1,0,1,1,0,0.9825870646766168,1,0.7807017543859649,0.5773502691896257,7.5,9,3,0
GP,M,16,R,GT3,T,3,3,services,services,reputation,mother,1,1,0,no,yes,no,yes,yes,yes,yes,no,4,3,2,3,4,5,8,8,9,10,0,0,1,0,0,1,3,3,3,1,0,1,0,1,1,1,1,0,0.4912935323383084,2,0.7982456140350878,1.0,8.5,7,6,1
GP,M,16,U,GT3,T,2,3,other,other,home,father,2,1,0,no,no,no,no,yes,yes,yes,no,5,3,3,1,1,3,0,13,14,14,0,0,1,1,0,1,2,2,1,0,0,0,0,0,1,1,1,0,0.4912935323383084,1,0.6666666666666666,0.5773502691896257,13.5,2,5,0
GP,F,17,U,LE3,T,2,4,services,services,course,father,1,2,0,no,no,no,yes,yes,yes,yes,yes,4,3,2,1,1,5,0,14,15,15,0,0,0,1,1,1,3,3,0,0,0,0,0,1,1,1,1,1,0.9825870646766168,1,0.8333333333333334,0.5773502691896257,14.5,2,6,0
GP,M,17,U,GT3,T,4,4,services,teacher,home,mother,1,1,0,no,no,no,no,yes,yes,yes,no,5,2,3,1,2,5,4,17,15,16,0,0,1,1,0,1,3,4,1,1,0,0,0,0,1,1,1,0,0.4912935323383084,-1,0.6491228070175439,1.0,16.0,3,8,0
GP,M,16,R,LE3,T,3,3,teacher,other,home,father,3,1,0,no,yes,yes,yes,yes,yes,yes,no,3,3,4,3,5,3,8,9,9,10,0,0,1,0,1,1,4,2,1,0,0,1,1,1,1,1,1,0,0.4912935323383084,1,0.7982456140350878,0.5773502691896258,9.0,8,6,1
GP,F,17,U,GT3,T,4,4,services,teacher,home,mother,2,1,1,no,yes,no,no,yes,yes,yes,no,4,2,4,2,3,2,24,18,18,18,0,0,0,1,0,1,3,4,1,1,0,1,0,0,1,1,1,0,0.4912935323383084,0,0.3947368421052631,0.0,18.0,5,8,1
GP,F,16,U,LE3,T,4,4,teacher,teacher,reputation,mother,1,2,0,no,yes,yes,no,yes,yes,yes,no,4,5,2,1,2,3,0,9,9,10,0,0,0,1,1,1,4,4,3,1,0,1,1,0,1,1,1,0,0.9825870646766168,1,0.5,0.5773502691896258,9.0,3,8,1
GP,F,16,U,GT3,T,4,3,health,other,home,mother,1,2,0,no,yes,no,yes,yes,yes,yes,no,4,3,5,1,5,2,2,16,16,16,0,0,0,1,0,1,1,2,1,1,0,1,0,1,1,1,1,0,0.9825870646766168,0,0.6578947368421053,0.0,16.0,6,7,1
GP,F,16,U,GT3,T,2,3,other,other,reputation,mother,1,2,0,yes,yes,yes,yes,yes,yes,no,no,4,4,3,1,3,4,6,8,10,10,0,0,0,1,0,1,2,2,3,1,1,1,1,1,1,1,0,0,0.9825870646766168,2,0.9736842105263158,1.1547005383792515,9.0,4,5,2
GP,F,17,U,GT3,T,1,1,other,other,course,mother,1,2,0,no,yes,yes,no,no,yes,no,no,4,4,4,1,3,1,4,9,9,10,0,0,0,1,0,1,2,2,0,1,0,1,1,0,0,1,0,0,0.9825870646766168,1,0.4824561403508772,0.5773502691896258,9.0,4,2,1
GP,F,17,R,GT3,T,2,2,other,other,reputation,mother,1,1,0,no,yes,no,no,yes,yes,yes,no,5,3,2,1,2,3,18,7,6,6,1,0,0,0,0,1,2,2,3,1,0,1,0,0,1,1,1,0,0.4912935323383084,-1,0.42105263157894735,0.5773502691896258,6.5,3,4,1
GP,F,16,R,GT3,T,2,2,services,services,reputation,mother,2,4,0,no,yes,yes,yes,no,yes,yes,no,5,3,5,1,1,5,6,10,10,11,0,0,0,0,0,1,3,3,3,1,0,1,1,1,0,1,1,0,1.9651741293532337,1,0.6403508771929824,0.5773502691896258,10.0,2,4,1
GP,F,17,U,GT3,T,3,4,at_home,services,home,mother,1,3,1,no,yes,yes,no,yes,yes,yes,yes,4,4,3,3,4,5,28,10,9,9,1,0,0,1,0,1,0,3,1,1,0,1,1,0,1,1,1,1,1.4738805970149251,-1,0.543859649122807,0.5773502691896258,9.5,7,7,1
GP,F,16,U,GT3,A,3,1,services,other,course,mother,1,2,3,no,yes,yes,no,yes,yes,yes,no,2,3,3,2,2,4,5,7,7,7,1,0,0,1,0,0,3,2,0,1,0,1,1,0,1,1,1,0,0.9825870646766168,0,0.6447368421052632,0.0,7.0,4,4,1
GP,F,16,U,GT3,T,4,3,teacher,other,other,mother,1,2,0,no,no,yes,yes,yes,yes,yes,yes,1,3,2,1,1,1,10,11,12,13,0,0,0,1,0,1,4,2,2,1,0,0,1,1,1,1,1,1,0.9825870646766168,2,0.7894736842105262,1.0,11.5,2,7,0
GP,F,16,U,GT3,T,1,1,at_home,other,home,mother,2,1,0,no,yes,yes,no,yes,yes,no,no,4,3,2,1,4,5,6,9,9,10,0,0,0,1,0,1,0,2,1,1,0,1,1,0,1,1,0,0,0.4912935323383084,1,0.47368421052631576,0.5773502691896258,9.0,5,2,1
GP,F,17,R,GT3,T,4,3,teacher,other,reputation,mother,2,3,0,no,yes,yes,yes,yes,yes,yes,yes,4,4,2,1,1,4,6,7,7,7,1,0,0,0,0,1,4,2,3,1,0,1,1,1,1,1,1,1,1.4738805970149251,0,0.8070175438596491,0.0,7.0,2,7,1
GP,F,19,U,GT3,T,3,3,other,other,reputation,other,1,4,0,no,yes,yes,yes,yes,yes,yes,no,4,3,3,1,2,3,10,8,8,8,1,0,0,1,0,1,2,2,3,2,0,1,1,1,1,1,1,0,1.9651741293532337,0,0.956140350877193,0.0,8.0,3,6,1
GP,M,17,U,LE3,T,4,4,services,other,home,mother,1,2,0,no,yes,yes,no,yes,yes,yes,yes,5,3,5,4,5,3,13,12,12,13,0,0,1,1,1,1,3,2,1,1,0,1,1,0,1,1,1,1,0.9825870646766168,1,0.27631578947368424,0.5773502691896258,12.0,9,8,1
GP,F,16,U,GT3,A,2,2,other,other,reputation,mother,1,2,0,yes,yes,yes,no,yes,yes,yes,no,3,3,4,1,1,4,0,12,13,14,0,0,0,1,0,0,2,2,3,1,1,1,1,0,1,1,1,0,0.9825870646766168,2,0.5,1.0,12.5,2,4,2
GP,M,18,U,GT3,T,2,2,services,other,home,mother,1,2,1,no,yes,yes,yes,yes,yes,yes,no,4,4,4,2,4,5,15,6,7,8,1,0,1,1,0,1,3,2,1,1,0,1,1,1,1,1,1,0,0.9825870646766168,2,0.7675438596491228,1.0,6.5,6,4,1
GP,F,17,R,LE3,T,4,4,services,other,other,mother,1,1,0,no,yes,yes,no,yes,yes,no,no,5,2,1,1,2,3,12,8,10,10,0,0,0,0,1,1,3,2,2,1,0,1,1,0,1,1,0,0,0.4912935323383084,2,0.2807017543859649,1.1547005383792515,9.0,3,8,1
GP,F,17,U,LE3,T,3,2,other,other,reputation,mother,2,2,0,no,no,yes,no,yes,yes,yes,no,4,4,4,1,3,1,2,14,15,15,0,0,0,1,1,1,2,2,3,1,0,0,1,0,1,1,1,0,0.9825870646766168,1,0.4912280701754386,0.5773502691896257,14.5,4,5,0
GP,F,17,U,GT3,T,4,3,other,other,reputation,mother,1,2,2,no,no,yes,no,yes,yes,yes,yes,3,4,5,2,4,1,22,6,6,4,1,0,0,1,0,1,2,2,3,1,0,0,1,0,1,1,1,1,0.9825870646766168,-2,0.23684210526315788,1.1547005383792517,6.0,6,7,0
GP,M,18,U,LE3,T,3,3,services,health,home,father,1,2,1,no,yes,yes,no,yes,yes,yes,no,3,2,4,2,4,4,13,6,6,8,1,0,1,1,1,1,3,1,1,0,0,1,1,0,1,1,1,0,0.9825870646766168,2,0.44298245614035087,1.1547005383792517,6.0,6,6,1
GP,F,17,U,GT3,T,2,3,at_home,other,home,father,2,1,0,no,yes,yes,no,yes,yes,no,no,3,3,3,1,4,3,3,7,7,8,1,0,0,1,0,1,0,2,1,0,0,1,1,0,1,1,0,0,0.4912935323383084,1,0.6535087719298246,0.5773502691896258,7.0,5,5,1
GP,F,17,U,GT3,T,2,2,at_home,at_home,course,mother,1,3,0,no,yes,yes,yes,yes,yes,yes,no,4,3,3,1,1,4,4,9,10,10,0,0,0,1,0,1,0,0,0,1,0,1,1,1,1,1,1,0,1.4738805970149251,1,0.9824561403508772,0.5773502691896257,9.5,2,4,1
GP,F,17,R,GT3,T,2,1,at_home,services,reputation,mother,2,2,0,no,yes,no,yes,yes,yes,yes,no,4,2,5,1,2,5,2,6,6,6,1,0,0,0,0,1,0,3,3,1,0,1,0,1,1,1,1,0,0.9825870646766168,0,0.6578947368421053,0.0,6.0,3,3,1
GP,F,17,U,GT3,T,1,1,at_home,other,reputation,mother,1,3,1,no,yes,no,yes,yes,yes,no,yes,4,3,4,1,1,5,0,6,5,0,1,0,0,1,0,1,0,2,3,1,0,1,0,1,1,1,0,1,1.4738805970149251,-6,0.8333333333333334,3.214550253664318,5.5,2,2,1
GP,F,16,U,GT3,T,2,3,services,teacher,other,mother,1,2,0,yes,no,no,no,yes,yes,yes,no,2,3,1,1,1,3,2,16,16,17,0,0,0,1,0,1,3,4,2,1,1,0,0,0,1,1,1,0,0.9825870646766168,1,0.32456140350877194,0.5773502691896258,16.0,2,5,1
GP,M,18,U,GT3,T,2,2,other,other,home,mother,2,2,0,no,yes,yes,no,yes,yes,yes,no,3,3,3,5,5,4,0,12,13,13,0,0,1,1,0,1,2,2,1,1,0,1,1,0,1,1,1,0,0.9825870646766168,1,0.6666666666666666,0.5773502691896257,12.5,10,4,1
GP,F,16,U,GT3,T,4,4,teacher,services,home,mother,1,3,0,no,yes,no,yes,no,yes,yes,no,5,3,2,1,1,5,0,13,13,14,0,0,0,1,0,1,4,3,1,1,0,1,0,1,0,1,1,0,1.4738805970149251,1,0.8333333333333334,0.5773502691896258,13.0,2,8,1
GP,F,18,R,GT3,T,3,1,other,other,reputation,mother,1,2,1,no,no,no,yes,yes,yes,yes,yes,5,3,3,1,1,4,16,9,8,7,1,0,0,0,0,1,2,2,3,1,0,0,0,1,1,1,1,1,0.9825870646766168,-2,0.9298245614035089,1.0,8.5,2,4,0
GP,F,17,U,GT3,T,3,2,other,other,course,mother,1,2,0,no,no,no,yes,no,yes,yes,no,5,3,4,1,3,3,10,16,15,15,0,0,0,1,0,1,2,2,0,1,0,0,0,1,0,1,1,0,0.9825870646766168,-1,0.7894736842105262,0.5773502691896258,15.5,4,5,0
GP,M,17,U,LE3,T,2,3,services,services,reputation,father,1,2,0,no,yes,yes,no,no,yes,yes,no,5,3,3,1,3,3,2,12,11,12,0,0,1,1,1,1,3,3,3,0,0,1,1,0,0,1,1,0,0.9825870646766168,0,0.6578947368421053,0.5773502691896257,11.5,4,5,1
GP,M,18,U,LE3,T,2,1,at_home,other,course,mother,4,2,0,yes,yes,yes,yes,yes,yes,yes,yes,4,3,2,4,5,3,14,10,8,9,1,0,1,1,1,1,0,2,0,1,1,1,1,1,1,1,1,1,0.9825870646766168,-1,0.7719298245614036,1.0,9.0,9,3,2
GP,F,17,U,GT3,A,2,1,other,other,course,mother,2,3,0,no,no,no,yes,yes,yes,yes,yes,3,2,3,1,2,3,10,12,10,12,0,0,0,1,0,0,2,2,0,1,0,0,0,1,1,1,1,1,1.4738805970149251,0,0.956140350877193,1.1547005383792515,11.0,3,3,0
GP,F,17,U,LE3,T,4,3,health,other,reputation,father,1,2,0,no,no,no,yes,yes,yes,yes,yes,3,2,3,1,2,3,14,13,13,14,0,0,0,1,1,1,1,2,3,0,0,0,0,1,1,1,1,1,0.9825870646766168,1,0.9385964912280702,0.5773502691896258,13.0,3,7,0
GP,M,17,R,GT3,T,2,2,other,other,course,father,2,2,0,no,yes,yes,yes,yes,yes,yes,no,4,5,2,1,1,1,4,11,11,11,0,0,1,0,0,1,2,2,0,0,0,1,1,1,1,1,1,0,0.9825870646766168,0,0.8157894736842106,0.0,11.0,2,4,1
GP,M,17,U,GT3,T,4,4,teacher,teacher,reputation,mother,1,2,0,yes,yes,no,yes,yes,yes,yes,yes,4,5,5,1,3,2,14,11,9,9,1,0,1,1,0,1,4,4,3,1,1,1,0,1,1,1,1,1,0.9825870646766168,-2,0.6052631578947368,1.1547005383792517,10.0,4,8,2
GP,M,16,U,GT3,T,4,4,health,other,reputation,father,1,2,0,no,yes,yes,yes,yes,yes,yes,no,4,2,4,2,4,1,2,14,13,13,0,0,1,1,0,1,1,2,3,0,0,1,1,1,1,1,1,0,0.9825870646766168,-1,0.8245614035087719,0.5773502691896258,13.5,6,8,1
GP,M,16,U,LE3,T,1,1,other,other,home,mother,2,2,0,no,yes,yes,no,yes,yes,yes,no,3,4,2,1,1,5,18,9,7,6,1,0,1,1,1,1,2,2,1,1,0,1,1,0,1,1,1,0,0.9825870646766168,-3,0.42105263157894735,1.5275252316519465,8.0,2,2,1
GP,M,16,U,GT3,T,3,2,at_home,other,reputation,mother,2,3,0,no,no,no,yes,yes,yes,yes,yes,5,3,3,1,3,2,10,11,9,10,0,0,1,1,0,1,0,2,3,1,0,0,0,1,1,1,1,1,1.4738805970149251,-1,0.956140350877193,1.0,10.0,4,5,0
GP,M,17,U,LE3,T,2,2,other,other,home,father,1,2,0,no,no,yes,yes,no,yes,yes,yes,4,4,2,5,5,4,4,14,13,13,0,0,1,1,1,1,2,2,1,0,0,0,1,1,0,1,1,1,0.9825870646766168,-1,0.8157894736842106,0.5773502691896258,13.5,10,4,0
GP,F,16,U,GT3,T,2,1,other,other,home,mother,1,1,0,no,no,no,no,yes,yes,yes,yes,4,5,2,1,1,5,20,13,12,12,0,0,0,1,0,1,2,2,1,1,0,0,0,0,1,1,1,1,0.4912935323383084,-1,0.41228070175438597,0.5773502691896258,12.5,2,3,0
GP,F,17,R,GT3,T,2,1,at_home,services,course,mother,3,2,0,no,no,no,yes,yes,yes,no,no,2,1,1,1,1,3,2,13,11,11,0,0,0,0,0,1,0,3,0,1,0,0,0,1,1,1,0,0,0.9825870646766168,-2,0.6578947368421053,1.1547005383792517,12.0,2,3,0
GP,M,18,U,GT3,T,2,2,other,services,reputation,father,1,2,1,no,no,no,no,yes,no,yes,no,5,5,4,3,5,2,0,7,7,0,1,0,1,1,0,1,2,3,3,0,0,0,0,0,1,0,1,0,0.9825870646766168,-7,0.5,4.041451884327381,7.0,8,4,0
GP,M,17,U,LE3,T,4,3,health,other,course,mother,2,2,0,no,no,no,yes,yes,yes,yes,yes,2,5,5,1,4,5,14,12,12,12,0,0,1,1,1,1,1,2,0,1,0,0,0,1,1,1,1,1,0.9825870646766168,0,0.6052631578947368,0.0,12.0,5,7,0
GP,M,17,R,LE3,A,4,4,teacher,other,course,mother,2,2,0,no,yes,yes,no,yes,yes,yes,no,3,3,3,2,3,4,2,10,11,12,0,0,1,0,1,0,4,2,0,1,0,1,1,0,1,1,1,0,0.9825870646766168,2,0.6578947368421053,1.0,10.5,5,8,1
GP,M,16,U,LE3,T,4,3,teacher,other,course,mother,1,1,0,no,no,no,yes,no,yes,yes,no,5,4,5,1,1,3,0,6,0,0,1,0,1,1,1,1,4,2,0,1,0,0,0,1,0,1,1,0,0.4912935323383084,-6,0.6666666666666666,3.4641016151377544,3.0,2,7,0
GP,M,16,U,GT3,T,4,4,services,services,course,mother,1,1,0,no,no,no,yes,yes,yes,yes,no,5,3,2,1,2,5,0,13,12,12,0,0,1,1,0,1,3,3,0,1,0,0,0,1,1,1,1,0,0.4912935323383084,-1,0.8333333333333334,0.5773502691896258,12.5,3,8,0
GP,F,18,U,GT3,T,2,1,other,other,course,other,2,3,0,no,yes,yes,no,no,yes,yes,yes,4,4,4,1,1,3,0,7,0,0,1,0,0,1,0,1,2,2,0,2,0,1,1,0,0,1,1,1,1.4738805970149251,-7,0.5,4.041451884327381,3.5,2,3,1
GP,M,16,U,GT3,T,2,1,other,other,course,mother,3,1,0,no,no,no,no,yes,yes,yes,no,4,3,3,1,1,4,6,18,18,18,0,0,1,1,0,1,2,2,0,1,0,0,0,0,1,1,1,0,0.4912935323383084,0,0.6403508771929824,0.0,18.0,2,3,0
GP,M,17,U,GT3,T,2,3,other,other,course,father,2,1,0,no,no,no,no,yes,yes,yes,no,5,2,2,1,1,2,4,12,12,13,0,0,1,1,0,1,2,2,0,0,0,0,0,0,1,1,1,0,0.4912935323383084,1,0.4824561403508772,0.5773502691896258,12.0,2,5,0
GP,M,22,U,GT3,T,3,1,services,services,other,mother,1,1,3,no,no,no,no,no,no,yes,yes,5,4,5,5,5,1,16,6,8,8,1,0,1,1,0,1,3,3,2,1,0,0,0,0,0,0,1,1,0.4912935323383084,2,0.2631578947368421,1.1547005383792517,7.0,10,4,0
GP,M,18,R,LE3,T,3,3,other,services,course,mother,1,2,1,no,yes,no,no,yes,yes,yes,yes,4,3,3,1,3,5,8,3,5,5,1,0,1,0,1,1,2,3,0,1,0,1,0,0,1,1,1,1,0.9825870646766168,2,0.6315789473684211,1.1547005383792517,4.0,4,6,1
GP,M,16,U,GT3,T,0,2,other,other,other,mother,1,1,0,no,no,yes,no,no,yes,yes,no,4,3,2,2,4,5,0,13,15,15,0,0,1,1,0,1,2,2,2,1,0,0,1,0,0,1,1,0,0.4912935323383084,2,0.5,1.1547005383792515,14.0,6,2,0
GP,M,18,U,GT3,T,3,2,services,other,course,mother,2,1,1,no,no,no,no,yes,no,yes,no,4,4,5,2,4,5,0,6,8,8,1,0,1,1,0,1,3,2,0,1,0,0,0,0,1,0,1,0,0.4912935323383084,2,0.3333333333333333,1.1547005383792517,7.0,6,5,0
GP,M,16,U,GT3,T,3,3,at_home,other,reputation,other,3,2,0,yes,yes,no,no,no,yes,yes,no,5,3,3,1,3,2,6,7,10,10,0,0,1,1,0,1,0,2,3,2,1,1,0,0,0,1,1,0,0.9825870646766168,3,0.6403508771929824,1.7320508075688772,8.5,4,6,2
GP,M,18,U,GT3,T,2,1,services,services,other,mother,1,1,1,no,no,no,no,no,no,yes,no,3,2,5,2,5,5,4,6,9,8,1,0,1,1,0,1,3,3,2,1,0,0,0,0,0,0,1,0,0.4912935323383084,2,0.31578947368421056,1.5275252316519468,7.5,7,3,0
GP,M,16,R,GT3,T,2,1,other,other,course,mother,2,1,0,no,no,no,yes,no,yes,no,no,3,3,2,1,3,3,0,8,9,8,1,0,1,0,0,1,2,2,0,1,0,0,0,1,0,1,0,0,0.4912935323383084,0,0.8333333333333334,0.5773502691896258,8.5,4,3,0
GP,M,17,R,GT3,T,2,1,other,other,course,mother,1,1,0,no,no,no,no,no,yes,yes,no,4,4,2,2,4,5,0,8,12,12,0,0,1,0,0,1,2,2,0,1,0,0,0,0,0,1,1,0,0.4912935323383084,4,0.5,2.3094010767585034,10.0,6,3,0
GP,M,17,U,LE3,T,1,1,health,other,course,mother,2,1,1,no,yes,no,yes,yes,yes,yes,no,4,4,4,1,2,5,2,7,9,8,1,0,1,1,1,1,1,2,0,1,0,1,0,1,1,1,1,0,0.4912935323383084,1,0.8245614035087719,1.0,8.0,3,2,1
GP,F,17,U,LE3,T,4,2,teacher,services,reputation,mother,1,4,0,no,yes,yes,yes,yes,yes,yes,no,4,2,3,1,1,4,6,14,12,13,0,0,0,1,1,1,4,3,3,1,0,1,1,1,1,1,1,0,1.9651741293532337,-1,0.9736842105263158,1.0,13.0,2,6,1
GP,M,19,U,LE3,A,4,3,services,at_home,reputation,mother,1,2,0,no,yes,no,no,yes,yes,yes,no,4,3,1,1,1,1,12,11,11,11,0,0,1,1,1,0,3,0,3,1,0,1,0,0,1,1,1,0,0.9825870646766168,0,0.2807017543859649,0.0,11.0,2,7,1
GP,M,18,U,GT3,T,2,1,other,other,home,mother,1,2,0,no,no,no,yes,yes,yes,yes,no,5,2,4,1,2,4,8,15,14,14,0,0,1,1,0,1,2,2,1,1,0,0,0,1,1,1,1,0,0.9825870646766168,-1,0.7982456140350878,0.5773502691896258,14.5,3,3,0
GP,F,17,U,LE3,T,2,2,services,services,course,father,1,4,0,no,no,yes,yes,yes,yes,yes,yes,3,4,1,1,1,2,0,10,9,0,1,0,0,1,1,1,3,3,0,0,0,0,1,1,1,1,1,1,1.9651741293532337,-10,0.6666666666666666,5.507570547286102,9.5,2,4,0
GP,F,18,U,GT3,T,4,3,services,other,home,father,1,2,0,no,yes,yes,no,yes,yes,yes,yes,3,1,2,1,3,2,21,17,18,18,0,0,0,1,0,1,3,2,1,0,0,1,1,0,1,1,1,1,0.9825870646766168,1,0.40789473684210525,0.5773502691896258,17.5,4,7,1
GP,M,18,U,GT3,T,4,3,teacher,other,course,mother,1,2,0,no,yes,yes,no,no,yes,yes,no,4,3,2,1,1,3,2,8,8,8,1,0,1,1,0,1,4,2,0,1,0,1,1,0,0,1,1,0,0.9825870646766168,0,0.4912280701754386,0.0,8.0,2,7,1
GP,M,18,R,GT3,T,3,2,other,other,course,mother,1,3,0,no,no,no,yes,no,yes,no,no,5,3,2,1,1,3,1,13,12,12,0,0,1,0,0,1,2,2,0,1,0,0,0,1,0,1,0,0,1.4738805970149251,-1,0.8289473684210527,0.5773502691896258,12.5,2,5,0
GP,F,17,U,GT3,T,3,3,other,other,home,mother,1,3,0,no,no,no,yes,no,yes,no,no,3,2,3,1,1,4,4,10,9,9,1,0,0,1,0,1,2,2,1,1,0,0,0,1,0,1,0,0,1.4738805970149251,-1,0.9824561403508772,0.5773502691896258,9.5,2,6,0
GP,F,18,U,GT3,T,2,2,at_home,services,home,mother,1,3,0,no,yes,yes,yes,yes,yes,yes,yes,4,3,3,1,1,3,0,9,10,0,1,0,0,1,0,1,0,3,1,1,0,1,1,1,1,1,1,1,1.4738805970149251,-9,1.0,5.507570547286102,9.5,2,4,1
GP,M,18,R,LE3,A,3,4,other,other,reputation,mother,2,2,0,no,yes,yes,yes,yes,yes,yes,no,4,2,5,3,4,1,13,17,17,17,0,0,1,0,1,0,2,2,3,1,0,1,1,1,1,1,1,0,0.9825870646766168,0,0.6096491228070176,0.0,17.0,7,7,1
GP,M,17,U,GT3,T,3,1,services,other,other,mother,1,2,0,no,no,yes,yes,yes,yes,yes,yes,5,4,4,3,4,5,2,9,9,10,0,0,1,1,0,1,3,2,2,1,0,0,1,1,1,1,1,1,0.9825870646766168,1,0.8245614035087719,0.5773502691896258,9.0,7,4,0
GP,F,18,R,GT3,T,4,4,teacher,other,reputation,mother,2,2,0,no,no,yes,yes,yes,yes,yes,no,4,3,4,2,2,4,8,12,10,11,0,0,0,0,0,1,4,2,3,1,0,0,1,1,1,1,1,0,0.9825870646766168,-1,0.7982456140350878,1.0,11.0,4,8,0
GP,M,18,U,GT3,T,4,2,health,other,reputation,father,1,2,0,no,yes,yes,yes,yes,yes,yes,yes,5,4,5,1,3,5,10,10,9,10,0,0,1,1,0,1,1,2,3,0,0,1,1,1,1,1,1,1,0.9825870646766168,0,0.6228070175438597,0.5773502691896257,9.5,4,6,1
GP,F,18,R,GT3,T,2,1,other,other,reputation,mother,2,2,0,no,yes,no,no,yes,no,yes,yes,4,3,5,1,2,3,0,6,0,0,1,0,0,0,0,1,2,2,3,1,0,1,0,0,1,0,1,1,0.9825870646766168,-6,0.3333333333333333,3.4641016151377544,3.0,3,3,1
GP,F,19,U,GT3,T,3,3,other,services,home,other,1,2,2,no,yes,yes,yes,yes,yes,yes,no,4,3,5,3,3,5,15,9,9,9,1,0,0,1,0,1,2,3,1,2,0,1,1,1,1,1,1,0,0.9825870646766168,0,0.6008771929824561,0.0,9.0,6,6,1
GP,F,18,U,GT3,T,2,3,other,services,reputation,father,1,4,0,no,yes,yes,yes,yes,yes,yes,yes,4,5,5,1,3,2,4,15,14,14,0,0,0,1,0,1,2,3,3,0,0,1,1,1,1,1,1,1,1.9651741293532337,-1,0.6491228070175439,0.5773502691896258,14.5,4,5,1
GP,F,18,U,LE3,T,1,1,other,other,home,mother,2,2,0,no,yes,yes,no,no,yes,no,no,4,4,3,1,1,3,2,11,11,11,0,0,0,1,1,1,2,2,1,1,0,1,1,0,0,1,0,0,0.9825870646766168,0,0.6578947368421053,0.0,11.0,2,2,1
GP,M,17,R,GT3,T,1,2,at_home,at_home,home,mother,1,2,0,no,yes,yes,yes,no,yes,no,yes,3,5,2,2,2,1,2,15,14,14,0,0,1,0,0,1,0,0,1,1,0,1,1,1,0,1,0,1,0.9825870646766168,-1,0.8245614035087719,0.5773502691896258,14.5,4,3,1
GP,F,17,U,GT3,T,2,4,at_home,health,reputation,mother,2,2,0,no,yes,yes,no,yes,yes,yes,yes,4,3,3,1,1,1,2,10,10,10,0,0,0,1,0,1,0,1,3,1,0,1,1,0,1,1,1,1,0.9825870646766168,0,0.6578947368421053,0.0,10.0,2,6,1
GP,F,17,U,LE3,T,2,2,services,other,course,mother,2,2,0,yes,yes,yes,no,yes,yes,yes,yes,4,4,4,2,3,5,6,12,12,12,0,0,0,1,1,1,3,2,0,1,1,1,1,0,1,1,1,1,0.9825870646766168,0,0.47368421052631576,0.0,12.0,5,4,2
GP,F,18,R,GT3,A,3,2,other,services,home,mother,2,2,0,no,no,no,no,no,no,yes,yes,4,1,1,1,1,5,75,10,9,9,1,0,0,0,0,0,2,3,1,1,0,0,0,0,0,0,1,1,0.9825870646766168,-1,0.004385964912280715,0.5773502691896258,9.5,2,5,0
GP,M,18,U,GT3,T,4,4,teacher,services,home,mother,2,1,0,no,no,yes,yes,yes,yes,yes,no,3,2,4,1,4,3,22,9,9,9,1,0,1,1,0,1,4,3,1,1,0,0,1,1,1,1,1,0,0.4912935323383084,0,0.7368421052631579,0.0,9.0,5,8,0
GP,F,18,U,GT3,T,4,4,health,health,reputation,father,1,2,1,yes,yes,no,yes,yes,yes,yes,yes,2,4,4,1,1,4,15,9,8,8,1,0,0,1,0,1,1,1,3,0,1,1,0,1,1,1,1,1,0.9825870646766168,-1,0.7675438596491228,0.5773502691896258,8.5,2,8,2
GP,M,18,U,LE3,T,4,3,teacher,services,course,mother,2,1,0,no,no,yes,yes,yes,yes,yes,no,4,2,3,1,2,1,8,10,11,10,0,0,1,1,1,1,4,3,0,1,0,0,1,1,1,1,1,0,0.4912935323383084,0,0.9649122807017544,0.5773502691896258,10.5,3,7,0
GP,M,17,U,LE3,A,4,1,services,other,home,mother,2,1,0,no,no,yes,yes,yes,yes,yes,yes,4,5,4,2,4,5,30,8,8,8,1,0,1,1,1,0,3,2,1,1,0,0,1,1,1,1,1,1,0.4912935323383084,0,0.7017543859649122,0.0,8.0,6,5,0
GP,M,17,U,LE3,A,3,2,teacher,services,home,mother,1,1,1,no,no,no,no,yes,yes,yes,no,4,4,4,3,4,3,19,11,9,10,0,0,1,1,1,0,4,3,1,1,0,0,0,0,1,1,1,0,0.4912935323383084,-1,0.4166666666666667,1.0,10.0,7,5,0
GP,F,18,R,LE3,T,1,1,at_home,other,reputation,mother,2,4,0,no,yes,yes,yes,yes,yes,no,no,5,2,2,1,1,3,1,12,12,12,0,0,0,0,1,1,0,2,3,1,0,1,1,1,1,1,0,0,1.9651741293532337,0,0.8289473684210527,0.0,12.0,2,2,1
GP,F,18,U,GT3,T,1,1,other,other,home,mother,2,2,0,yes,no,no,yes,yes,yes,yes,no,5,4,4,1,1,4,4,8,9,10,0,0,0,1,0,1,2,2,1,1,1,0,0,1,1,1,1,0,0.9825870646766168,2,0.8157894736842106,1.0,8.5,2,2,1
GP,F,17,U,GT3,T,2,2,other,other,course,mother,1,2,0,no,yes,no,no,no,yes,yes,no,5,4,5,1,2,5,4,10,9,11,0,0,0,1,0,1,2,2,0,1,0,1,0,0,0,1,1,0,0.9825870646766168,1,0.31578947368421056,1.0,9.5,3,4,1
GP,M,17,U,GT3,T,1,1,other,other,reputation,father,1,2,0,no,no,yes,no,no,yes,yes,no,4,3,3,1,2,4,2,12,10,11,0,0,1,1,0,1,2,2,3,0,0,0,1,0,0,1,1,0,0.9825870646766168,-1,0.6578947368421053,1.0,11.0,3,2,0
GP,F,18,U,GT3,T,2,2,at_home,at_home,other,mother,1,3,0,no,yes,yes,no,yes,yes,yes,no,4,3,3,1,2,2,5,18,18,19,0,0,0,1,0,1,0,0,2,1,0,1,1,0,1,1,1,0,1.4738805970149251,1,0.6447368421052632,0.5773502691896258,18.0,3,4,1
GP,F,17,U,GT3,T,1,1,services,teacher,reputation,mother,1,3,0,no,yes,yes,no,yes,yes,yes,no,4,3,3,1,1,3,6,13,12,12,0,0,0,1,0,1,3,4,3,1,0,1,1,0,1,1,1,0,1.4738805970149251,-1,0.6403508771929824,0.5773502691896258,12.5,2,2,1
GP,M,18,U,GT3,T,2,1,services,services,reputation,mother,1,3,0,no,no,yes,yes,yes,yes,yes,no,4,2,4,1,3,2,6,15,14,14,0,0,1,1,0,1,3,3,3,1,0,0,1,1,1,1,1,0,1.4738805970149251,-1,0.8070175438596491,0.5773502691896258,14.5,4,3,0
GP,M,18,U,LE3,A,4,4,teacher,teacher,reputation,mother,1,2,0,no,yes,yes,yes,yes,yes,yes,no,5,4,3,1,1,2,9,15,13,15,0,0,1,1,1,0,4,4,3,1,0,1,1,1,1,1,1,0,0.9825870646766168,0,0.9605263157894738,1.1547005383792515,14.0,2,8,1
GP,M,18,U,GT3,T,4,2,teacher,other,home,mother,1,2,0,no,yes,yes,yes,yes,yes,yes,yes,4,3,2,1,4,5,11,12,11,11,0,0,1,1,0,1,4,2,1,1,0,1,1,1,1,1,1,1,0.9825870646766168,-1,0.7850877192982456,0.5773502691896258,11.5,5,6,1
GP,F,17,U,GT3,T,4,3,health,services,reputation,mother,1,3,0,no,yes,yes,no,yes,yes,yes,no,4,2,2,1,2,3,0,15,15,15,0,0,0,1,0,1,1,3,3,1,0,1,1,0,1,1,1,0,1.4738805970149251,0,0.5,0.0,15.0,3,7,1
GP,F,18,U,LE3,T,2,1,services,at_home,reputation,mother,1,2,1,no,no,no,no,yes,yes,yes,yes,5,4,3,1,1,5,12,12,12,13,0,0,0,1,1,1,3,0,3,1,0,0,0,0,1,1,1,1,0.9825870646766168,1,0.6140350877192983,0.5773502691896258,12.0,2,3,0
GP,F,17,R,LE3,T,3,1,services,other,reputation,mother,2,4,0,no,yes,yes,no,yes,yes,no,no,3,1,2,1,1,3,6,18,18,18,0,0,0,0,1,1,3,2,3,1,0,1,1,0,1,1,0,0,1.9651741293532337,0,0.47368421052631576,0.0,18.0,2,4,1
GP,M,18,R,LE3,T,3,2,services,other,reputation,mother,2,3,0,no,yes,yes,yes,yes,yes,yes,no,5,4,2,1,1,4,8,14,13,14,0,0,1,0,1,1,3,2,3,1,0,1,1,1,1,1,1,0,1.4738805970149251,0,0.7982456140350878,0.5773502691896257,13.5,2,5,1
GP,M,17,U,GT3,T,3,3,health,other,home,mother,1,1,0,no,yes,yes,no,yes,yes,yes,no,4,4,3,1,3,5,4,14,12,11,0,0,1,1,0,1,1,2,1,1,0,1,1,0,1,1,1,0,0.4912935323383084,-3,0.6491228070175439,1.5275252316519465,13.0,4,6,1
GP,F,19,U,GT3,T,4,4,health,other,reputation,other,2,2,0,no,yes,yes,yes,yes,yes,yes,no,2,3,4,2,3,2,0,10,9,0,1,0,0,1,0,1,1,2,3,2,0,1,1,1,1,1,1,0,0.9825870646766168,-10,0.8333333333333334,5.507570547286102,9.5,5,8,1
GP,F,18,U,LE3,T,4,3,other,other,home,other,2,2,0,no,yes,yes,no,yes,yes,yes,yes,4,4,5,1,2,2,10,10,8,8,1,0,0,1,1,1,2,2,1,2,0,1,1,0,1,1,1,1,0.9825870646766168,-2,0.2894736842105263,1.1547005383792517,9.0,3,7,1
GP,F,18,U,GT3,T,4,3,other,other,reputation,father,1,4,0,no,yes,yes,no,yes,yes,yes,no,4,3,3,1,1,3,0,14,13,14,0,0,0,1,0,1,2,2,3,0,0,1,1,0,1,1,1,0,1.9651741293532337,0,0.6666666666666666,0.5773502691896257,13.5,2,7,1
GP,M,18,U,LE3,T,4,4,teacher,teacher,home,mother,1,1,0,no,yes,yes,no,yes,yes,yes,yes,1,4,2,2,2,1,5,16,15,16,0,0,1,1,1,1,4,4,1,1,0,1,1,0,1,1,1,1,0.4912935323383084,0,0.4780701754385965,0.5773502691896257,15.5,4,8,1
GP,F,18,U,LE3,A,4,4,health,other,home,mother,1,2,0,no,yes,no,no,yes,yes,yes,yes,4,2,4,1,1,4,14,12,10,11,0,0,0,1,1,0,1,2,1,1,0,1,0,0,1,1,1,1,0.9825870646766168,-1,0.4385964912280702,1.0,11.0,2,8,1
GP,M,17,U,LE3,T,4,4,other,teacher,home,father,2,1,0,no,no,yes,no,yes,yes,yes,no,4,1,1,2,2,5,0,11,11,10,0,0,1,1,1,1,2,4,1,0,0,0,1,0,1,1,1,0,0.4912935323383084,-1,0.3333333333333333,0.5773502691896257,11.0,4,8,0
GP,F,17,U,GT3,T,4,2,other,other,reputation,mother,2,3,0,no,yes,yes,no,yes,yes,yes,no,4,3,3,1,1,3,0,15,12,14,0,0,0,1,0,1,2,2,3,1,0,1,1,0,1,1,1,0,1.4738805970149251,-1,0.6666666666666666,1.5275252316519468,13.5,2,6,1
GP,F,17,U,GT3,T,3,2,health,health,reputation,father,1,4,0,no,yes,yes,yes,no,yes,yes,no,5,2,2,1,2,5,0,17,17,18,0,0,0,1,0,1,1,1,3,0,0,1,1,1,0,1,1,0,1.9651741293532337,1,0.8333333333333334,0.5773502691896258,17.0,3,5,1
GP,M,19,U,GT3,T,3,3,other,other,home,other,1,2,1,no,yes,no,yes,yes,yes,yes,yes,4,4,4,1,1,3,20,15,14,13,0,0,1,1,0,1,2,2,1,2,0,1,0,1,1,1,1,1,0.9825870646766168,-2,0.7456140350877193,1.0,14.5,2,6,1
GP,F,18,U,GT3,T,2,4,services,at_home,reputation,other,1,2,1,no,yes,yes,yes,yes,yes,yes,no,4,4,3,1,1,3,8,14,12,12,0,0,0,1,0,1,3,0,3,2,0,1,1,1,1,1,1,0,0.9825870646766168,-2,0.9649122807017544,1.1547005383792517,13.0,2,6,1
GP,M,20,U,GT3,A,3,2,services,other,course,other,1,1,0,no,no,no,yes,yes,yes,no,no,5,5,3,1,1,5,0,17,18,18,0,0,1,1,0,0,3,2,0,2,0,0,0,1,1,1,0,0,0.4912935323383084,1,1.0,0.5773502691896258,17.5,2,5,0
GP,M,19,U,GT3,T,4,4,teacher,services,reputation,other,2,1,1,no,yes,yes,no,yes,yes,yes,yes,4,3,4,1,1,4,38,8,9,8,1,0,1,1,0,1,4,3,3,2,0,1,1,0,1,1,1,1,0.4912935323383084,0,0.3333333333333333,0.5773502691896258,8.5,2,8,1
GP,M,19,R,GT3,T,3,3,other,services,reputation,father,1,2,1,no,no,no,yes,yes,yes,no,yes,4,5,3,1,2,5,0,15,12,12,0,0,1,0,0,1,2,3,3,0,0,0,0,1,1,1,0,1,0.9825870646766168,-3,1.0,1.7320508075688772,13.5,3,6,0
GP,F,19,U,LE3,T,1,1,at_home,other,reputation,other,1,2,1,yes,yes,no,yes,no,yes,yes,no,4,4,3,1,3,3,18,12,10,10,0,0,0,1,1,1,0,2,3,2,1,1,0,1,0,1,1,0,0.9825870646766168,-2,0.9210526315789473,1.1547005383792517,11.0,4,2,2
GP,F,19,U,LE3,T,1,2,services,services,home,other,1,2,1,no,no,no,yes,no,yes,no,yes,4,2,4,2,2,3,0,9,9,0,1,0,0,1,1,1,3,3,1,2,0,0,0,1,0,1,0,1,0.9825870646766168,-9,0.8333333333333334,5.196152422706632,9.0,4,3,0
GP,F,19,U,GT3,T,2,1,at_home,other,other,other,3,2,0,no,yes,no,no,yes,no,yes,yes,3,4,1,1,1,2,20,14,12,13,0,0,0,1,0,1,0,2,2,2,0,1,0,0,1,0,1,1,0.9825870646766168,-1,0.2456140350877193,1.0,13.0,2,3,1
GP,M,19,U,GT3,T,1,2,other,services,course,other,1,2,1,no,no,no,no,no,yes,yes,no,4,5,2,2,2,4,3,13,11,11,0,0,1,1,0,1,2,3,0,2,0,0,0,0,0,1,1,0,0.9825870646766168,-2,0.4868421052631579,1.1547005383792517,12.0,4,3,0
GP,F,19,U,LE3,T,3,2,services,other,reputation,other,2,2,1,no,yes,yes,no,no,yes,yes,yes,4,2,2,1,2,1,22,13,10,11,0,0,0,1,1,1,3,2,3,2,0,1,1,0,0,1,1,1,0.9825870646766168,-2,0.40350877192982454,1.5275252316519468,11.5,3,5,1
GP,F,19,U,GT3,T,1,1,at_home,health,home,other,1,3,2,no,no,no,no,no,yes,yes,yes,4,1,2,1,1,3,14,15,13,13,0,0,0,1,0,1,0,1,1,2,0,0,0,0,0,1,1,1,1.4738805970149251,-2,0.4385964912280702,1.1547005383792517,14.0,2,2,0
GP,F,19,R,GT3,T,2,3,other,other,reputation,other,1,3,1,no,no,no,no,yes,yes,yes,yes,4,1,2,1,1,3,40,13,11,11,0,0,0,0,0,1,2,2,3,2,0,0,0,0,1,1,1,1,1.4738805970149251,-2,0.32456140350877194,1.1547005383792517,12.0,2,5,0
GP,F,18,U,GT3,T,2,1,services,other,course,mother,2,2,0,no,yes,yes,yes,yes,yes,yes,no,5,3,3,1,2,1,0,8,8,0,1,0,0,1,0,1,3,2,0,1,0,1,1,1,1,1,1,0,0.9825870646766168,-8,1.0,4.618802153517007,8.0,3,3,1
GP,F,18,U,GT3,T,4,3,other,other,course,mother,1,3,0,no,yes,yes,yes,yes,yes,yes,yes,4,3,4,1,1,5,9,9,10,9,1,0,0,1,0,1,2,2,0,1,0,1,1,1,1,1,1,1,1.4738805970149251,0,0.793859649122807,0.5773502691896258,9.5,2,7,1
GP,F,17,R,GT3,T,3,4,at_home,services,course,father,1,3,0,no,yes,yes,yes,no,yes,yes,no,4,3,4,2,5,5,0,11,11,10,0,0,0,0,0,1,0,3,0,0,0,1,1,1,0,1,1,0,1.4738805970149251,-1,0.8333333333333334,0.5773502691896257,11.0,7,7,1
GP,F,18,U,GT3,T,4,4,teacher,other,course,mother,1,2,0,no,yes,yes,no,yes,yes,yes,no,4,4,4,3,3,5,2,11,11,11,0,0,0,1,0,1,4,2,0,1,0,1,1,0,1,1,1,0,0.9825870646766168,0,0.4912280701754386,0.0,11.0,6,8,1
GP,F,17,U,GT3,A,4,3,services,services,course,mother,1,2,0,no,yes,yes,no,yes,yes,yes,yes,5,2,2,1,2,5,23,13,13,13,0,0,0,1,0,0,3,3,0,1,0,1,1,0,1,1,1,1,0.9825870646766168,0,0.3991228070175439,0.0,13.0,3,7,1
GP,F,17,U,GT3,T,2,2,other,other,course,mother,1,2,0,no,yes,no,no,yes,yes,no,yes,4,2,2,1,1,3,12,11,9,9,1,0,0,1,0,1,2,2,0,1,0,1,0,0,1,1,0,1,0.9825870646766168,-2,0.4473684210526316,1.1547005383792517,10.0,2,4,1
GP,F,17,R,LE3,T,2,2,services,services,course,mother,1,3,0,no,yes,yes,yes,yes,yes,yes,no,3,3,2,2,2,3,3,11,11,11,0,0,0,0,1,1,3,3,0,1,0,1,1,1,1,1,1,0,1.4738805970149251,0,0.8201754385964911,0.0,11.0,4,4,1
GP,F,17,U,GT3,T,3,1,services,services,course,father,1,3,0,no,yes,no,no,no,yes,yes,no,3,4,3,2,3,5,1,12,14,15,0,0,0,1,0,1,3,3,0,0,0,1,0,0,0,1,1,0,1.4738805970149251,3,0.662280701754386,1.5275252316519468,13.0,5,4,1
GP,F,17,U,LE3,T,0,2,at_home,at_home,home,father,2,3,0,no,no,no,no,yes,yes,yes,no,3,3,3,2,3,2,0,16,15,15,0,0,0,1,1,1,0,0,1,0,0,0,0,0,1,1,1,0,1.4738805970149251,-1,0.6666666666666666,0.5773502691896258,15.5,5,2,0
GP,M,18,U,GT3,T,4,4,other,other,course,mother,1,3,0,no,no,no,yes,yes,yes,yes,no,4,3,3,2,2,3,3,9,12,11,0,0,1,1,0,1,2,2,0,1,0,0,0,1,1,1,1,0,1.4738805970149251,2,0.9868421052631579,1.5275252316519468,10.5,4,8,0
GP,M,17,U,GT3,T,3,3,other,services,reputation,mother,1,1,0,no,no,no,yes,no,yes,yes,no,4,3,5,3,5,5,3,14,15,16,0,0,1,1,0,1,2,3,3,1,0,0,0,1,0,1,1,0,0.4912935323383084,2,0.6535087719298246,1.0,14.5,8,6,0
GP,M,17,R,GT3,T,2,2,services,other,course,mother,4,1,0,no,yes,no,no,yes,yes,yes,no,4,4,5,5,5,4,8,11,10,10,0,0,1,0,0,1,3,2,0,1,0,1,0,0,1,1,1,0,0.4912935323383084,-1,0.2982456140350877,0.5773502691896258,10.5,10,4,1
GP,F,17,U,GT3,T,4,4,teacher,services,course,mother,1,3,0,no,yes,yes,yes,yes,yes,yes,no,5,4,4,1,3,4,7,10,9,9,1,0,0,1,0,1,4,3,0,1,0,1,1,1,1,1,1,0,1.4738805970149251,-1,0.8026315789473685,0.5773502691896258,9.5,4,8,1
GP,F,17,U,GT3,T,4,4,teacher,teacher,course,mother,2,3,0,no,yes,yes,no,no,yes,yes,yes,4,3,3,1,2,4,4,14,14,14,0,0,0,1,0,1,4,4,0,1,0,1,1,0,0,1,1,1,1.4738805970149251,0,0.6491228070175439,0.0,14.0,3,8,1
GP,M,18,U,LE3,T,2,2,other,other,course,mother,1,4,0,no,yes,no,yes,yes,yes,yes,no,4,5,5,2,4,5,2,9,8,8,1,0,1,1,1,1,2,2,0,1,0,1,0,1,1,1,1,0,1.9651741293532337,-1,0.6578947368421053,0.5773502691896258,8.5,6,4,1
GP,F,17,R,GT3,T,2,4,at_home,other,course,father,1,3,0,no,yes,no,no,yes,yes,yes,yes,4,4,3,1,1,5,7,12,14,14,0,0,0,0,0,1,0,2,0,0,0,1,0,0,1,1,1,1,1.4738805970149251,2,0.6359649122807017,1.1547005383792515,13.0,2,6,1
GP,F,18,U,GT3,T,3,3,services,services,home,mother,1,2,0,no,no,no,yes,yes,yes,yes,no,5,3,4,1,1,4,0,7,0,0,1,0,0,1,0,1,3,3,1,1,0,0,0,1,1,1,1,0,0.9825870646766168,-7,0.8333333333333334,4.041451884327381,3.5,2,6,0
GP,F,18,U,LE3,T,2,2,other,other,home,other,1,2,0,no,no,no,yes,no,yes,yes,yes,4,3,3,1,1,2,0,8,8,0,1,0,0,1,1,1,2,2,1,2,0,0,0,1,0,1,1,1,0.9825870646766168,-8,1.0,4.618802153517007,8.0,2,4,0
GP,F,18,R,GT3,T,2,2,at_home,other,course,mother,2,4,0,no,no,no,yes,yes,yes,no,no,4,4,4,1,1,4,0,10,9,0,1,0,0,0,0,1,0,2,0,1,0,0,0,1,1,1,0,0,1.9651741293532337,-10,0.8333333333333334,5.507570547286102,9.5,2,4,0
GP,F,17,U,GT3,T,3,4,services,other,course,mother,1,3,0,no,no,no,no,yes,yes,yes,no,4,4,5,1,3,5,16,16,15,15,0,0,0,1,0,1,3,2,0,1,0,0,0,0,1,1,1,0,1.4738805970149251,-1,0.2631578947368421,0.5773502691896258,15.5,4,7,0
GP,F,19,R,GT3,A,3,1,services,at_home,home,other,1,3,1,no,no,yes,no,yes,yes,no,no,5,4,3,1,2,5,12,14,13,13,0,0,0,0,0,0,3,0,1,2,0,0,1,0,1,1,0,0,1.4738805970149251,-1,0.6140350877192983,0.5773502691896258,13.5,3,4,0
GP,F,17,U,GT3,T,3,2,other,other,home,mother,1,2,0,no,yes,yes,no,yes,yes,yes,yes,4,3,2,2,3,2,0,7,8,0,1,0,0,1,0,1,2,2,1,1,0,1,1,0,1,1,1,1,0.9825870646766168,-7,0.5,4.358898943540674,7.5,5,5,1
GP,F,18,U,LE3,T,3,3,services,services,home,mother,1,4,0,no,yes,no,no,yes,yes,yes,no,5,3,3,1,1,1,7,16,15,17,0,0,0,1,1,1,3,3,1,1,0,1,0,0,1,1,1,0,1.9651741293532337,1,0.6359649122807017,1.0,15.5,2,6,1
GP,F,17,R,GT3,A,3,2,other,other,home,mother,1,2,0,no,yes,yes,no,yes,yes,yes,no,4,3,3,2,3,2,4,9,10,10,0,0,0,0,0,0,2,2,1,1,0,1,1,0,1,1,1,0,0.9825870646766168,1,0.6491228070175439,0.5773502691896257,9.5,5,5,1
GP,F,19,U,GT3,T,2,1,services,services,home,other,1,3,1,no,no,yes,yes,yes,yes,yes,yes,4,3,4,1,3,3,4,11,12,11,0,0,0,1,0,1,3,3,1,2,0,0,1,1,1,1,1,1,1.4738805970149251,0,0.8157894736842106,0.5773502691896258,11.5,4,3,0
GP,M,18,U,GT3,T,4,4,teacher,services,home,father,1,2,1,no,yes,no,yes,yes,yes,yes,no,4,3,3,2,2,2,0,10,10,0,1,0,1,1,0,1,4,3,1,0,0,1,0,1,1,1,1,0,0.9825870646766168,-10,1.0,5.773502691896257,10.0,4,8,1
GP,M,18,U,LE3,T,3,4,services,other,home,mother,1,2,0,no,no,no,yes,yes,yes,yes,yes,4,3,3,1,3,5,11,16,15,15,0,0,1,1,1,1,3,2,1,1,0,0,0,1,1,1,1,1,0.9825870646766168,-1,0.9517543859649122,0.5773502691896258,15.5,4,7,0
GP,F,17,U,GT3,A,2,2,at_home,at_home,home,father,1,2,1,no,yes,no,no,yes,yes,yes,yes,3,3,1,1,2,4,0,9,8,0,1,0,0,1,0,0,0,0,1,0,0,1,0,0,1,1,1,1,0.9825870646766168,-9,0.3333333333333333,4.932882862316248,8.5,3,4,1
GP,F,18,U,GT3,T,2,3,at_home,other,course,mother,1,3,0,no,yes,no,no,yes,yes,yes,no,4,3,3,1,2,3,4,11,10,10,0,0,0,1,0,1,0,2,0,1,0,1,0,0,1,1,1,0,1.4738805970149251,-1,0.6491228070175439,0.5773502691896258,10.5,3,5,1
GP,F,18,U,GT3,T,3,2,other,services,other,mother,1,3,0,no,no,no,no,yes,yes,yes,yes,5,4,3,2,3,1,7,13,13,14,0,0,0,1,0,1,2,3,2,1,0,0,0,0,1,1,1,1,1.4738805970149251,1,0.6359649122807017,0.5773502691896258,13.0,5,5,0
GP,M,18,R,GT3,T,4,3,teacher,services,course,mother,1,3,0,no,no,no,no,yes,yes,yes,yes,5,3,2,1,2,4,9,16,15,16,0,0,1,0,0,1,4,3,0,1,0,0,0,0,1,1,1,1,1.4738805970149251,0,0.4605263157894737,0.5773502691896257,15.5,3,7,0
GP,M,18,U,GT3,T,4,3,teacher,other,course,mother,1,3,0,no,yes,yes,no,yes,yes,yes,yes,5,4,5,2,3,5,0,10,10,9,1,0,1,1,0,1,4,2,0,1,0,1,1,0,1,1,1,1,1.4738805970149251,-1,0.3333333333333333,0.5773502691896257,10.0,5,7,1
GP,F,17,U,GT3,T,4,3,health,other,reputation,mother,1,3,0,no,yes,yes,yes,yes,yes,yes,yes,4,4,3,1,3,4,0,13,15,15,0,0,0,1,0,1,1,2,3,1,0,1,1,1,1,1,1,1,1.4738805970149251,2,1.0,1.1547005383792515,14.0,4,7,1
MS,M,18,R,GT3,T,3,2,other,other,course,mother,2,1,1,no,yes,no,no,no,yes,yes,no,2,5,5,5,5,5,10,11,13,13,0,1,1,0,0,1,2,2,0,1,0,1,0,0,0,1,1,0,0.4912935323383084,2,0.2894736842105263,1.1547005383792515,12.0,10,5,1
MS,M,19,R,GT3,T,1,1,other,services,home,other,3,2,3,no,no,no,no,yes,yes,yes,no,5,4,4,3,3,2,8,8,7,8,1,1,1,0,0,1,2,3,1,2,0,0,0,0,1,1,1,0,0.9825870646766168,0,0.46491228070175444,0.5773502691896257,7.5,6,2,0
MS,M,17,U,GT3,T,3,3,health,other,course,mother,2,2,0,no,yes,yes,no,yes,yes,yes,no,4,5,4,2,3,3,2,13,13,13,0,1,1,1,0,1,1,2,0,1,0,1,1,0,1,1,1,0,0.9825870646766168,0,0.4912280701754386,0.0,13.0,5,6,1
MS,M,18,U,LE3,T,1,3,at_home,services,course,mother,1,1,1,no,no,no,no,yes,no,yes,yes,4,3,3,2,3,3,7,8,7,8,1,1,1,1,1,1,0,3,0,1,0,0,0,0,1,0,1,1,0.4912935323383084,0,0.6359649122807017,0.5773502691896257,7.5,5,4,0
MS,M,19,R,GT3,T,1,1,other,other,home,other,3,1,1,no,yes,no,no,yes,yes,yes,no,4,4,4,3,3,5,4,8,8,8,1,1,1,0,0,1,2,2,1,2,0,1,0,0,1,1,1,0,0.4912935323383084,0,0.4824561403508772,0.0,8.0,6,2,1
MS,M,17,R,GT3,T,4,3,services,other,home,mother,2,2,0,no,yes,yes,yes,no,yes,yes,yes,4,5,5,1,3,2,4,13,11,11,0,1,1,0,0,1,3,2,1,1,0,1,1,1,0,1,1,1,0.9825870646766168,-2,0.6491228070175439,1.1547005383792517,12.0,4,7,1
MS,F,18,U,GT3,T,3,3,services,services,course,father,1,2,0,no,yes,no,no,yes,yes,no,yes,5,3,4,1,1,5,0,10,9,9,1,1,0,1,0,1,3,3,0,0,0,1,0,0,1,1,0,1,0.9825870646766168,-1,0.5,0.5773502691896258,9.5,2,6,1
MS,F,17,R,GT3,T,4,4,teacher,services,other,father,2,2,0,no,yes,yes,yes,yes,yes,yes,no,4,3,3,1,2,5,4,12,13,13,0,1,0,0,0,1,4,3,2,0,0,1,1,1,1,1,1,0,0.9825870646766168,1,0.9824561403508772,0.5773502691896257,12.5,3,8,1
MS,F,17,U,LE3,A,3,2,services,other,reputation,mother,2,2,0,no,no,no,no,yes,yes,no,yes,1,2,3,1,2,5,2,12,12,11,0,1,0,1,1,0,3,2,3,1,0,0,0,0,1,1,0,1,0.9825870646766168,-1,0.6578947368421053,0.5773502691896257,12.0,3,5,0
MS,M,18,U,LE3,T,1,1,other,services,home,father,2,1,0,no,no,no,no,no,yes,yes,yes,3,3,2,1,2,3,4,10,10,10,0,1,1,1,1,1,2,3,1,0,0,0,0,0,0,1,1,1,0.4912935323383084,0,0.4824561403508772,0.0,10.0,3,2,0
MS,F,18,U,LE3,T,1,1,at_home,services,course,father,2,3,0,no,no,no,no,yes,yes,yes,no,5,3,2,1,1,4,0,18,16,16,0,1,0,1,1,1,0,3,0,0,0,0,0,0,1,1,1,0,1.4738805970149251,-2,0.5,1.1547005383792517,17.0,2,2,0
MS,F,18,R,LE3,A,1,4,at_home,other,course,mother,3,2,0,no,no,no,no,yes,yes,no,yes,4,3,4,1,4,5,0,13,13,13,0,1,0,0,1,0,0,2,0,1,0,0,0,0,1,1,0,1,0.9825870646766168,0,0.5,0.0,13.0,5,5,0
MS,M,18,R,LE3,T,1,1,at_home,other,other,mother,2,2,1,no,no,no,yes,no,no,no,no,4,4,3,2,3,5,2,13,12,12,0,1,1,0,1,1,0,2,2,1,0,0,0,1,0,0,0,0,0.9825870646766168,-1,0.9912280701754387,0.5773502691896258,12.5,5,2,0
MS,F,18,U,GT3,T,3,3,services,services,other,mother,2,2,0,no,yes,no,no,yes,yes,yes,yes,4,3,2,1,3,3,0,11,11,10,0,1,0,1,0,1,3,3,2,1,0,1,0,0,1,1,1,1,0.9825870646766168,-1,0.5,0.5773502691896257,11.0,4,6,1
MS,F,17,U,LE3,T,4,4,at_home,at_home,course,mother,1,2,0,no,yes,yes,yes,yes,yes,yes,yes,2,3,4,1,1,1,0,16,15,15,0,1,0,1,1,1,0,0,0,1,0,1,1,1,1,1,1,1,0.9825870646766168,-1,0.8333333333333334,0.5773502691896258,15.5,2,8,1
MS,F,17,R,GT3,T,1,2,other,services,course,father,2,2,0,no,no,no,no,no,yes,no,no,3,2,2,1,2,3,0,12,11,12,0,1,0,0,0,1,2,3,0,0,0,0,0,0,0,1,0,0,0.9825870646766168,0,0.5,0.5773502691896257,11.5,3,3,0
MS,M,18,R,GT3,T,1,3,at_home,other,course,mother,2,2,0,no,yes,yes,no,yes,yes,no,no,3,3,4,2,4,3,4,10,10,10,0,1,1,0,0,1,0,2,0,1,0,1,1,0,1,1,0,0,0.9825870646766168,0,0.4824561403508772,0.0,10.0,6,4,1
MS,M,18,U,LE3,T,4,4,teacher,services,other,mother,2,3,0,no,no,yes,no,yes,yes,yes,yes,4,2,2,2,2,5,0,13,13,13,0,1,1,1,1,1,4,3,2,1,0,0,1,0,1,1,1,1,1.4738805970149251,0,0.5,0.0,13.0,4,8,0
MS,F,17,R,GT3,T,1,1,other,services,reputation,mother,3,1,1,no,yes,yes,no,yes,yes,yes,yes,5,2,1,1,2,1,0,7,6,0,1,1,0,0,0,1,2,3,3,1,0,1,1,0,1,1,1,1,0.4912935323383084,-7,0.3333333333333333,3.7859388972001824,6.5,3,2,1
MS,F,18,U,GT3,T,2,3,at_home,services,course,father,2,1,0,no,yes,yes,no,yes,yes,yes,yes,5,2,3,1,2,4,0,11,10,10,0,1,0,1,0,1,0,3,0,0,0,1,1,0,1,1,1,1,0.4912935323383084,-1,0.6666666666666666,0.5773502691896258,10.5,3,5,1
MS,F,18,R,GT3,T,4,4,other,teacher,other,father,3,2,0,no,yes,yes,no,no,yes,yes,yes,3,2,2,4,2,5,10,14,12,11,0,1,0,0,0,1,2,4,2,0,0,1,1,0,0,1,1,1,0.9825870646766168,-3,0.456140350877193,1.5275252316519465,13.0,6,8,1
MS,F,19,U,LE3,T,3,2,services,services,home,other,2,2,2,no,no,no,yes,yes,yes,no,yes,3,2,2,1,1,3,4,7,7,9,1,1,0,1,1,1,3,3,1,2,0,0,0,1,1,1,0,1,0.9825870646766168,2,0.8157894736842106,1.1547005383792517,7.0,2,5,0
MS,M,18,R,LE3,T,1,2,at_home,services,other,father,3,1,0,no,yes,yes,yes,yes,no,yes,yes,4,3,3,2,3,3,3,14,12,12,0,1,1,0,1,1,0,3,2,0,0,1,1,1,1,0,1,1,0.4912935323383084,-2,0.9868421052631579,1.1547005383792517,13.0,5,3,1
MS,F,17,U,GT3,T,2,2,other,at_home,home,mother,1,3,0,no,no,no,yes,yes,yes,no,yes,3,4,3,1,1,3,8,13,11,11,0,1,0,1,0,1,2,0,1,1,0,0,0,1,1,1,0,1,1.4738805970149251,-2,0.9649122807017544,1.1547005383792517,12.0,2,4,0
MS,F,17,R,GT3,T,1,2,other,other,course,mother,1,1,0,no,no,no,yes,yes,yes,yes,no,3,5,5,1,3,1,14,6,5,5,1,1,0,0,0,1,2,2,0,1,0,0,0,1,1,1,1,0,0.4912935323383084,-1,0.6052631578947368,0.5773502691896258,5.5,4,3,0
MS,F,18,R,LE3,T,4,4,other,other,reputation,mother,2,3,0,no,no,no,no,yes,yes,yes,no,5,4,4,1,1,1,0,19,18,19,0,1,0,0,1,1,2,2,3,1,0,0,0,0,1,1,1,0,1.4738805970149251,0,0.5,0.5773502691896258,18.5,2,8,0
MS,F,18,R,GT3,T,1,1,other,other,home,mother,4,3,0,no,no,no,no,yes,yes,yes,no,4,3,2,1,2,4,2,8,8,10,0,1,0,0,0,1,2,2,1,1,0,0,0,0,1,1,1,0,1.4738805970149251,2,0.4912280701754386,1.1547005383792517,8.0,3,2,0
MS,F,20,U,GT3,T,4,2,health,other,course,other,2,3,2,no,yes,yes,no,no,yes,yes,yes,5,4,3,1,1,3,4,15,14,15,0,1,0,1,0,1,1,2,0,2,0,1,1,0,0,1,1,1,1.4738805970149251,0,0.6491228070175439,0.5773502691896257,14.5,2,6,1
MS,F,18,R,LE3,T,4,4,teacher,services,course,mother,1,2,0,no,no,yes,yes,yes,yes,yes,no,5,4,3,3,4,2,4,8,9,10,0,1,0,0,1,1,4,3,0,1,0,0,1,1,1,1,1,0,0.9825870646766168,2,0.9824561403508772,1.0,8.5,7,8,0
MS,F,18,U,GT3,T,3,3,other,other,home,mother,1,2,0,no,no,yes,no,yes,yes,yes,yes,4,1,3,1,2,1,0,15,15,15,0,1,0,1,0,1,2,2,1,1,0,0,1,0,1,1,1,1,0.9825870646766168,0,0.6666666666666666,0.0,15.0,3,6,0
MS,F,17,R,GT3,T,3,1,at_home,other,reputation,mother,1,2,0,no,yes,yes,yes,no,yes,yes,no,4,5,4,2,3,1,17,10,10,10,0,1,0,0,0,1,0,2,3,1,0,1,1,1,0,1,1,0,0.9825870646766168,0,0.7587719298245613,0.0,10.0,5,4,1
MS,M,18,U,GT3,T,4,4,teacher,teacher,home,father,1,2,0,no,no,yes,yes,no,yes,yes,no,3,2,4,1,4,2,4,15,14,14,0,1,1,1,0,1,4,4,1,0,0,0,1,1,0,1,1,0,0.9825870646766168,-1,0.8157894736842106,0.5773502691896258,14.5,5,8,0
MS,M,18,R,GT3,T,2,1,other,other,other,mother,2,1,0,no,no,no,yes,no,yes,yes,yes,4,4,3,1,3,5,5,7,6,7,1,1,1,0,0,1,2,2,2,1,0,0,0,1,0,1,1,1,0.4912935323383084,0,0.9780701754385964,0.5773502691896257,6.5,4,3,0
MS,M,17,U,GT3,T,2,3,other,services,home,father,2,2,0,no,no,no,yes,yes,yes,yes,no,4,4,3,1,1,3,2,11,11,10,0,1,1,1,0,1,2,3,1,0,0,0,0,1,1,1,1,0,0.9825870646766168,-1,0.9912280701754387,0.5773502691896257,11.0,2,5,0
MS,M,19,R,GT3,T,1,1,other,services,other,mother,2,1,1,no,no,no,no,yes,yes,no,no,4,3,2,1,3,5,0,6,5,0,1,1,1,0,0,1,2,3,2,1,0,0,0,0,1,1,0,0,0.4912935323383084,-6,0.5,3.214550253664318,5.5,4,2,0
MS,M,18,R,GT3,T,4,2,other,other,home,father,2,1,1,no,no,yes,no,yes,yes,no,no,5,4,3,4,3,3,14,6,5,5,1,1,1,0,0,1,2,2,1,0,0,0,1,0,1,1,0,0,0.4912935323383084,-1,0.6052631578947368,0.5773502691896258,5.5,7,6,0
MS,F,18,R,GT3,T,2,2,at_home,other,other,mother,2,3,0,no,no,yes,no,yes,yes,no,no,5,3,3,1,3,4,2,10,9,10,0,1,0,0,0,1,0,2,2,1,0,0,1,0,1,1,0,0,1.4738805970149251,0,0.6578947368421053,0.5773502691896257,9.5,4,4,0
MS,F,18,R,GT3,T,4,4,teacher,at_home,reputation,mother,3,1,0,no,yes,yes,yes,yes,yes,yes,yes,4,4,3,2,2,5,7,6,5,6,1,1,0,0,0,1,4,0,3,1,0,1,1,1,1,1,1,1,0.4912935323383084,0,0.9692982456140351,0.5773502691896257,5.5,4,8,1
MS,F,19,R,GT3,T,2,3,services,other,course,mother,1,3,1,no,no,no,yes,no,yes,yes,no,5,4,2,1,2,5,0,7,5,0,1,1,0,0,0,1,3,2,0,1,0,0,0,1,0,1,1,0,1.4738805970149251,-7,0.8333333333333334,3.605551275463989,6.0,3,5,0
MS,F,18,U,LE3,T,3,1,teacher,services,course,mother,1,2,0,no,yes,yes,no,yes,yes,yes,no,4,3,4,1,1,1,0,7,9,8,1,1,0,1,1,1,4,3,0,1,0,1,1,0,1,1,1,0,0.9825870646766168,1,0.5,1.0,8.0,2,4,1
MS,F,18,U,GT3,T,1,1,other,other,course,mother,2,2,1,no,no,no,yes,yes,yes,no,no,1,1,1,1,1,5,0,6,5,0,1,1,0,1,0,1,2,2,0,1,0,0,0,1,1,1,0,0,0.9825870646766168,-6,0.6666666666666666,3.214550253664318,5.5,2,2,0
MS,M,20,U,LE3,A,2,2,services,services,course,other,1,2,2,no,yes,yes,no,yes,yes,no,no,5,5,4,4,5,4,11,9,9,9,1,1,1,1,1,0,3,3,0,2,0,1,1,0,1,1,0,0,0.9825870646766168,0,0.45175438596491224,0.0,9.0,9,4,1
MS,M,17,U,LE3,T,3,1,services,services,course,mother,2,1,0,no,no,no,no,no,yes,yes,no,2,4,5,3,4,2,3,14,16,16,0,1,1,1,1,1,3,3,0,1,0,0,0,0,0,1,1,0,0.4912935323383084,2,0.3201754385964912,1.1547005383792515,15.0,7,4,0
MS,M,21,R,GT3,T,1,1,other,other,course,other,1,1,3,no,no,no,no,no,yes,no,no,5,5,3,3,3,3,3,10,8,7,1,1,1,0,0,1,2,2,0,2,0,0,0,0,0,1,0,0,0.4912935323383084,-3,0.6535087719298246,1.5275252316519465,9.0,6,2,0
MS,M,18,R,LE3,T,3,2,services,other,course,mother,3,1,0,no,no,no,no,no,yes,yes,no,4,4,1,3,4,5,0,11,12,10,0,1,1,0,1,1,3,2,0,1,0,0,0,0,0,1,1,0,0.4912935323383084,-1,0.3333333333333333,1.0,11.5,7,5,0
MS,M,19,U,LE3,T,1,1,other,at_home,course,father,1,1,0,no,no,no,no,yes,yes,yes,no,3,2,3,3,3,5,5,8,9,9,1,1,1,1,1,1,2,0,0,0,0,0,0,0,1,1,1,0,0.4912935323383084,1,0.6447368421052632,0.5773502691896257,8.5,6,2,0
